{"type":"FeatureCollection","metadata":{"name":"Costa Rica: tierra, islas y mar territorial","coordinateReferenceSystem":"EPSG:4326","landSource":"IGN/SNIT Distritos_CR, geometría simplificada maxAllowableOffset 0.02 grados","maritimeSource":"Fundación MarViva Jurisdiccional FeatureServer, capa Mar territorial","maritimePolicy":"12 millas náuticas; complemento abierto no oficial del IGN","generatedAt":"2026-09-21","licenseNote":"Conservar atribución a IGN/SNIT y Fundación MarViva; revisar términos de redistribución antes de uso comercial."},"features":[{"type":"Feature","properties":{"source":"IGN-SNIT","kind":"land"},"geometry":{"type":"Polygon","coordinates":[[[-82.833,8.506],[-82.878,8.44],[-82.912,8.498],[-82.833,8.506]]]}},{"type":"Feature","properties":{"source":"IGN-SNIT","kind":"land"},"geometry":{"type":"Polygon","coordinates":[[[-82.99,8.547],[-82.94,8.54],[-82.874,8.438],[-82.931,8.435],[-82.984,8.373],[-83.048,8.342],[-83.034,8.377],[-83.057,8.371],[-82.989,8.461],[-83.004,8.483],[-82.99,8.547]]]}},{"type":"Feature","properties":{"source":"IGN-SNIT","kind":"land"},"geometry":{"type":"Polygon","coordinates":[[[-82.83,8.636],[-82.834,8.508],[-82.877,8.507],[-82.886,8.49],[-82.916,8.5],[-82.951,8.549],[-82.943,8.572],[-82.903,8.572],[-82.885,8.587],[-82.902,8.604],[-82.868,8.597],[-82.83,8.636]]]}},{"type":"Feature","properties":{"source":"IGN-SNIT","kind":"land"},"geometry":{"type":"Polygon","coordinates":[[[-83.467,8.692],[-83.399,8.592],[-83.324,8.571],[-83.306,8.54],[-83.284,8.542],[-83.292,8.501],[-83.273,8.43],[-83.291,8.375],[-83.458,8.442],[-83.566,8.441],[-83.651,8.524],[-83.61,8.509],[-83.634,8.535],[-83.596,8.561],[-83.644,8.594],[-83.628,8.629],[-83.586,8.612],[-83.584,8.633],[-83.568,8.603],[-83.524,8.586],[-83.486,8.617],[-83.486,8.676],[-83.467,8.692]]]}},{"type":"Feature","properties":{"source":"IGN-SNIT","kind":"land"},"geometry":{"type":"Polygon","coordinates":[[[-82.903,8.734],[-82.831,8.637],[-82.868,8.597],[-82.902,8.604],[-82.885,8.587],[-82.903,8.572],[-82.939,8.576],[-82.946,8.541],[-82.998,8.541],[-82.991,8.492],[-83.004,8.483],[-83.016,8.52],[-83.054,8.538],[-83.002,8.583],[-83.01,8.679],[-82.98,8.726],[-82.95,8.691],[-82.91,8.697],[-82.903,8.734]]]}},{"type":"Feature","properties":{"source":"IGN-SNIT","kind":"land"},"geometry":{"type":"MultiPolygon","coordinates":[[[[-83.245,8.775],[-83.169,8.725],[-83.2,8.678],[-83.165,8.664],[-83.125,8.686],[-83.087,8.667],[-83.06,8.621],[-83.016,8.602],[-83.01,8.59],[-83.053,8.531],[-83.14,8.552],[-83.159,8.58],[-83.124,8.601],[-83.172,8.643],[-83.184,8.643],[-83.182,8.622],[-83.225,8.641],[-83.237,8.627],[-83.255,8.657],[-83.295,8.653],[-83.329,8.681],[-83.332,8.719],[-83.299,8.725],[-83.284,8.762],[-83.245,8.775]]],[[[-83.162,8.578],[-83.161,8.582],[-83.159,8.58],[-83.162,8.578]]],[[[-83.161,8.582],[-83.178,8.607],[-83.152,8.61],[-83.161,8.582]]],[[[-83.179,8.607],[-83.178,8.608],[-83.178,8.607],[-83.179,8.607]]],[[[-83.178,8.608],[-83.181,8.611],[-83.171,8.625],[-83.178,8.608]]]]}},{"type":"Feature","properties":{"source":"IGN-SNIT","kind":"land"},"geometry":{"type":"Polygon","coordinates":[[[-82.956,8.784],[-82.918,8.779],[-82.91,8.697],[-82.95,8.691],[-82.98,8.725],[-82.983,8.757],[-82.956,8.784]]]}},{"type":"Feature","properties":{"source":"IGN-SNIT","kind":"land"},"geometry":{"type":"Polygon","coordinates":[[[-83.615,8.787],[-83.553,8.724],[-83.534,8.68],[-83.506,8.662],[-83.48,8.687],[-83.477,8.636],[-83.527,8.585],[-83.568,8.603],[-83.584,8.633],[-83.586,8.612],[-83.628,8.629],[-83.644,8.594],[-83.596,8.561],[-83.633,8.535],[-83.608,8.512],[-83.622,8.504],[-83.727,8.586],[-83.74,8.623],[-83.714,8.649],[-83.708,8.688],[-83.654,8.698],[-83.639,8.736],[-83.647,8.768],[-83.615,8.787]]]}},{"type":"Feature","properties":{"source":"IGN-SNIT","kind":"land"},"geometry":{"type":"Polygon","coordinates":[[[-83.162,8.815],[-83.096,8.775],[-83.029,8.789],[-82.974,8.777],[-82.98,8.726],[-83.01,8.679],[-83.001,8.583],[-83.027,8.559],[-83.016,8.602],[-83.06,8.622],[-83.087,8.667],[-83.125,8.686],[-83.165,8.664],[-83.2,8.678],[-83.168,8.721],[-83.185,8.736],[-83.162,8.815]]]}},{"type":"Feature","properties":{"source":"IGN-SNIT","kind":"land"},"geometry":{"type":"Polygon","coordinates":[[[-83.28,8.9],[-83.242,8.897],[-83.163,8.815],[-83.182,8.737],[-83.236,8.774],[-83.284,8.762],[-83.3,8.725],[-83.343,8.754],[-83.35,8.82],[-83.337,8.816],[-83.328,8.835],[-83.346,8.87],[-83.32,8.87],[-83.28,8.9]]]}},{"type":"Feature","properties":{"source":"IGN-SNIT","kind":"land"},"geometry":{"type":"Polygon","coordinates":[[[-83.002,8.904],[-82.996,8.885],[-82.944,8.872],[-82.955,8.856],[-82.925,8.832],[-82.949,8.783],[-83.002,8.786],[-83.005,8.818],[-82.987,8.828],[-83.031,8.888],[-83.002,8.904]]]}},{"type":"Feature","properties":{"source":"IGN-SNIT","kind":"land"},"geometry":{"type":"Polygon","coordinates":[[[-83.048,8.929],[-82.987,8.828],[-83.005,8.818],[-83.003,8.786],[-83.074,8.776],[-83.074,8.823],[-83.097,8.84],[-83.105,8.875],[-83.074,8.88],[-83.085,8.906],[-83.048,8.929]]]}},{"type":"Feature","properties":{"source":"IGN-SNIT","kind":"land"},"geometry":{"type":"Polygon","coordinates":[[[-83.614,8.957],[-83.552,8.94],[-83.48,8.885],[-83.462,8.916],[-83.429,8.911],[-83.35,8.864],[-83.328,8.835],[-83.337,8.816],[-83.35,8.82],[-83.353,8.776],[-83.323,8.723],[-83.382,8.747],[-83.433,8.713],[-83.48,8.72],[-83.482,8.694],[-83.468,8.693],[-83.506,8.662],[-83.541,8.685],[-83.553,8.724],[-83.613,8.786],[-83.638,8.778],[-83.652,8.794],[-83.58,8.847],[-83.618,8.875],[-83.615,8.898],[-83.592,8.889],[-83.602,8.918],[-83.622,8.918],[-83.614,8.957]]]}},{"type":"Feature","properties":{"source":"IGN-SNIT","kind":"land"},"geometry":{"type":"Polygon","coordinates":[[[-82.758,8.996],[-82.712,8.922],[-82.778,8.876],[-82.862,8.853],[-82.884,8.83],[-82.864,8.812],[-82.893,8.772],[-82.943,8.773],[-82.952,8.798],[-82.925,8.832],[-82.947,8.851],[-82.817,8.905],[-82.816,8.942],[-82.784,8.955],[-82.758,8.996]]]}},{"type":"Feature","properties":{"source":"IGN-SNIT","kind":"land"},"geometry":{"type":"Polygon","coordinates":[[[-83.218,8.999],[-83.185,8.96],[-83.137,8.953],[-83.129,8.899],[-83.074,8.823],[-83.07,8.779],[-83.16,8.803],[-83.248,8.915],[-83.331,8.947],[-83.274,8.981],[-83.234,8.973],[-83.218,8.999]]]}},{"type":"Feature","properties":{"source":"IGN-SNIT","kind":"land"},"geometry":{"type":"Polygon","coordinates":[[[-83.485,9.014],[-83.417,8.977],[-83.403,8.995],[-83.373,8.98],[-83.357,8.945],[-83.279,8.932],[-83.244,8.898],[-83.301,8.894],[-83.348,8.862],[-83.429,8.911],[-83.462,8.916],[-83.48,8.885],[-83.602,8.967],[-83.583,8.975],[-83.511,8.939],[-83.479,8.963],[-83.496,8.983],[-83.485,9.014]]]}},{"type":"Feature","properties":{"source":"IGN-SNIT","kind":"land"},"geometry":{"type":"Polygon","coordinates":[[[-83.502,9.084],[-83.45,9.08],[-83.431,9.056],[-83.373,9.041],[-83.368,9.019],[-83.39,9.014],[-83.362,8.98],[-83.409,8.996],[-83.417,8.977],[-83.476,9],[-83.517,9.045],[-83.56,9.053],[-83.549,9.082],[-83.502,9.084]]]}},{"type":"Feature","properties":{"source":"IGN-SNIT","kind":"land"},"geometry":{"type":"Polygon","coordinates":[[[-83.339,9.089],[-83.293,9.082],[-83.304,9.025],[-83.256,8.994],[-83.267,8.973],[-83.301,8.973],[-83.342,8.94],[-83.371,8.954],[-83.362,8.993],[-83.39,9.014],[-83.368,9.019],[-83.372,9.042],[-83.332,9.052],[-83.352,9.062],[-83.339,9.089]]]}},{"type":"Feature","properties":{"source":"IGN-SNIT","kind":"land"},"geometry":{"type":"Polygon","coordinates":[[[-82.892,9.089],[-82.878,9.061],[-82.8,9.003],[-82.759,8.996],[-82.784,8.955],[-82.816,8.942],[-82.817,8.905],[-82.944,8.851],[-82.944,8.872],[-82.996,8.885],[-82.993,8.9],[-82.902,8.91],[-82.882,8.935],[-82.849,8.934],[-82.915,8.951],[-82.885,8.994],[-82.889,9.051],[-82.911,9.076],[-82.892,9.089]]]}},{"type":"Feature","properties":{"source":"IGN-SNIT","kind":"land"},"geometry":{"type":"Polygon","coordinates":[[[-82.97,9.097],[-82.939,9.075],[-82.907,9.082],[-82.891,9.056],[-82.885,8.994],[-82.915,8.951],[-82.849,8.934],[-82.882,8.935],[-82.902,8.91],[-83.029,8.898],[-83.039,8.926],[-83.086,8.955],[-83.023,8.967],[-82.977,9.019],[-82.97,9.097]]]}},{"type":"Feature","properties":{"source":"IGN-SNIT","kind":"land"},"geometry":{"type":"Polygon","coordinates":[[[-83.615,9.117],[-83.549,9.083],[-83.56,9.053],[-83.496,9.031],[-83.483,8.956],[-83.512,8.939],[-83.585,8.974],[-83.603,8.946],[-83.616,8.956],[-83.623,8.929],[-83.634,9.019],[-83.661,9.064],[-83.626,9.044],[-83.667,9.078],[-83.615,9.117]]]}},{"type":"Feature","properties":{"source":"IGN-SNIT","kind":"land"},"geometry":{"type":"Polygon","coordinates":[[[-83.465,9.157],[-83.425,9.127],[-83.388,9.129],[-83.391,9.108],[-83.347,9.084],[-83.352,9.062],[-83.332,9.052],[-83.401,9.045],[-83.45,9.08],[-83.508,9.087],[-83.473,9.119],[-83.483,9.144],[-83.465,9.157]]]}},{"type":"Feature","properties":{"source":"IGN-SNIT","kind":"land"},"geometry":{"type":"Polygon","coordinates":[[[-83.032,9.162],[-82.991,9.155],[-82.996,9.127],[-82.968,9.092],[-82.977,9.019],[-83.023,8.967],[-83.115,8.96],[-83.144,8.99],[-83.108,8.993],[-83.05,9.092],[-83.032,9.162]]]}},{"type":"Feature","properties":{"source":"IGN-SNIT","kind":"land"},"geometry":{"type":"Polygon","coordinates":[[[-83.601,9.219],[-83.558,9.189],[-83.541,9.152],[-83.483,9.151],[-83.473,9.12],[-83.51,9.092],[-83.507,9.078],[-83.57,9.086],[-83.627,9.125],[-83.618,9.154],[-83.642,9.153],[-83.608,9.175],[-83.616,9.211],[-83.601,9.219]]]}},{"type":"Feature","properties":{"source":"IGN-SNIT","kind":"land"},"geometry":{"type":"Polygon","coordinates":[[[-83.591,9.255],[-83.554,9.219],[-83.543,9.233],[-83.513,9.2],[-83.484,9.198],[-83.471,9.152],[-83.541,9.152],[-83.558,9.189],[-83.601,9.219],[-83.592,9.231],[-83.606,9.227],[-83.591,9.255]]]}},{"type":"Feature","properties":{"source":"IGN-SNIT","kind":"land"},"geometry":{"type":"Polygon","coordinates":[[[-83.612,9.256],[-83.606,9.227],[-83.592,9.227],[-83.616,9.211],[-83.608,9.175],[-83.642,9.153],[-83.618,9.154],[-83.629,9.125],[-83.674,9.156],[-83.669,9.183],[-83.705,9.221],[-83.661,9.239],[-83.657,9.22],[-83.612,9.256]]]}},{"type":"Feature","properties":{"source":"IGN-SNIT","kind":"land"},"geometry":{"type":"Polygon","coordinates":[[[-83.349,9.353],[-83.339,9.321],[-83.361,9.254],[-83.33,9.198],[-83.37,9.162],[-83.386,9.104],[-83.388,9.129],[-83.419,9.131],[-83.428,9.177],[-83.413,9.299],[-83.395,9.342],[-83.349,9.353]]]}},{"type":"Feature","properties":{"source":"IGN-SNIT","kind":"land"},"geometry":{"type":"Polygon","coordinates":[[[-83.426,9.368],[-83.399,9.338],[-83.428,9.178],[-83.422,9.126],[-83.471,9.152],[-83.487,9.2],[-83.526,9.211],[-83.454,9.344],[-83.426,9.368]]]}},{"type":"Feature","properties":{"source":"IGN-SNIT","kind":"land"},"geometry":{"type":"Polygon","coordinates":[[[-83.293,9.082],[-83.264,9.092],[-83.281,9.079],[-83.238,9.059],[-83.24,9.034],[-83.214,9.022],[-83.216,9.008],[-83.181,9.03],[-83.213,9.12],[-83.215,9.199],[-83.194,9.221],[-83.2,9.267],[-83.179,9.327],[-83.134,9.276],[-83.073,9.25],[-83.077,9.22],[-83.056,9.195],[-83.066,9.178],[-83.028,9.152],[-83.108,8.993],[-83.144,8.99],[-83.115,8.96],[-83.061,8.945],[-83.058,8.921],[-83.085,8.906],[-83.074,8.88],[-83.11,8.876],[-83.142,8.933],[-83.137,8.953],[-83.185,8.96],[-83.209,8.996],[-83.234,8.973],[-83.26,8.983],[-83.274,9.015],[-83.304,9.025],[-83.293,9.082]]]}},{"type":"Feature","properties":{"source":"IGN-SNIT","kind":"land"},"geometry":{"type":"Polygon","coordinates":[[[-83.675,9.392],[-83.623,9.255],[-83.657,9.22],[-83.661,9.239],[-83.69,9.226],[-83.657,9.275],[-83.694,9.336],[-83.675,9.392]]]}},{"type":"Feature","properties":{"source":"IGN-SNIT","kind":"land"},"geometry":{"type":"Polygon","coordinates":[[[-83.881,9.418],[-83.832,9.399],[-83.818,9.408],[-83.807,9.371],[-83.753,9.331],[-83.77,9.316],[-83.755,9.218],[-83.803,9.225],[-83.848,9.264],[-83.86,9.307],[-83.841,9.343],[-83.891,9.362],[-83.902,9.4],[-83.881,9.418]]]}},{"type":"Feature","properties":{"source":"IGN-SNIT","kind":"land"},"geometry":{"type":"Polygon","coordinates":[[[-83.523,9.428],[-83.568,9.334],[-83.569,9.234],[-83.59,9.255],[-83.628,9.255],[-83.625,9.342],[-83.597,9.391],[-83.523,9.428]]]}},{"type":"Feature","properties":{"source":"IGN-SNIT","kind":"land"},"geometry":{"type":"Polygon","coordinates":[[[-83.482,9.429],[-83.456,9.381],[-83.429,9.367],[-83.529,9.213],[-83.542,9.232],[-83.554,9.219],[-83.569,9.234],[-83.568,9.334],[-83.538,9.405],[-83.482,9.429]]]}},{"type":"Feature","properties":{"source":"IGN-SNIT","kind":"land"},"geometry":{"type":"Polygon","coordinates":[[[-83.549,9.435],[-83.535,9.426],[-83.595,9.394],[-83.624,9.345],[-83.631,9.271],[-83.672,9.372],[-83.667,9.402],[-83.643,9.42],[-83.621,9.404],[-83.585,9.412],[-83.549,9.435]]]}},{"type":"Feature","properties":{"source":"IGN-SNIT","kind":"land"},"geometry":{"type":"Polygon","coordinates":[[[-84.014,9.449],[-83.962,9.396],[-83.936,9.387],[-83.909,9.405],[-83.891,9.362],[-83.841,9.343],[-83.866,9.256],[-84.031,9.346],[-84.046,9.429],[-84.014,9.449]]]}},{"type":"Feature","properties":{"source":"IGN-SNIT","kind":"land"},"geometry":{"type":"Polygon","coordinates":[[[-83.682,9.457],[-83.669,9.41],[-83.694,9.336],[-83.657,9.275],[-83.69,9.226],[-83.724,9.221],[-83.768,9.275],[-83.77,9.32],[-83.753,9.331],[-83.811,9.384],[-83.783,9.37],[-83.731,9.387],[-83.682,9.457]]]}},{"type":"Feature","properties":{"source":"IGN-SNIT","kind":"land"},"geometry":{"type":"Polygon","coordinates":[[[-83.849,9.532],[-83.834,9.495],[-83.802,9.488],[-83.806,9.461],[-83.769,9.461],[-83.763,9.418],[-83.735,9.393],[-83.749,9.379],[-83.789,9.371],[-83.819,9.408],[-83.832,9.399],[-83.881,9.418],[-83.94,9.387],[-84.002,9.442],[-83.986,9.468],[-83.953,9.431],[-83.94,9.49],[-83.896,9.498],[-83.849,9.532]]]}},{"type":"Feature","properties":{"source":"IGN-SNIT","kind":"land"},"geometry":{"type":"Polygon","coordinates":[[[-84.077,9.56],[-84.069,9.531],[-84.088,9.51],[-84.002,9.45],[-84.045,9.432],[-84.043,9.405],[-84.111,9.468],[-84.145,9.465],[-84.155,9.485],[-84.115,9.499],[-84.118,9.532],[-84.077,9.56]]]}},{"type":"Feature","properties":{"source":"IGN-SNIT","kind":"land"},"geometry":{"type":"Polygon","coordinates":[[[-83.646,9.584],[-83.489,9.485],[-83.48,9.437],[-83.504,9.408],[-83.55,9.435],[-83.621,9.404],[-83.643,9.42],[-83.67,9.388],[-83.68,9.396],[-83.669,9.41],[-83.68,9.481],[-83.709,9.505],[-83.698,9.529],[-83.713,9.55],[-83.683,9.552],[-83.646,9.584]]]}},{"type":"Feature","properties":{"source":"IGN-SNIT","kind":"land"},"geometry":{"type":"Polygon","coordinates":[[[-83.774,9.598],[-83.753,9.56],[-83.704,9.555],[-83.709,9.505],[-83.679,9.477],[-83.684,9.444],[-83.71,9.434],[-83.731,9.387],[-83.763,9.418],[-83.77,9.462],[-83.806,9.461],[-83.802,9.488],[-83.834,9.495],[-83.851,9.533],[-83.818,9.536],[-83.774,9.598]]]}},{"type":"Feature","properties":{"source":"IGN-SNIT","kind":"land"},"geometry":{"type":"Polygon","coordinates":[[[-82.748,9.621],[-82.671,9.59],[-82.613,9.607],[-82.564,9.573],[-82.554,9.545],[-82.6,9.559],[-82.609,9.501],[-82.671,9.501],[-82.7,9.528],[-82.695,9.544],[-82.743,9.569],[-82.744,9.594],[-82.776,9.585],[-82.79,9.597],[-82.784,9.614],[-82.748,9.621]]]}},{"type":"Feature","properties":{"source":"IGN-SNIT","kind":"land"},"geometry":{"type":"Polygon","coordinates":[[[-84.303,9.65],[-84.295,9.634],[-84.243,9.623],[-84.15,9.629],[-84.13,9.607],[-84.142,9.6],[-84.135,9.572],[-84.188,9.547],[-84.187,9.526],[-84.249,9.506],[-84.232,9.466],[-84.472,9.528],[-84.536,9.517],[-84.555,9.539],[-84.528,9.576],[-84.464,9.57],[-84.458,9.582],[-84.425,9.559],[-84.392,9.6],[-84.397,9.637],[-84.345,9.632],[-84.303,9.65]]]}},{"type":"Feature","properties":{"source":"IGN-SNIT","kind":"land"},"geometry":{"type":"Polygon","coordinates":[[[-84.057,9.66],[-83.99,9.622],[-83.995,9.447],[-84.088,9.51],[-84.069,9.531],[-84.072,9.571],[-84.093,9.57],[-84.083,9.647],[-84.057,9.66]]]}},{"type":"Feature","properties":{"source":"IGN-SNIT","kind":"land"},"geometry":{"type":"Polygon","coordinates":[[[-84.156,9.663],[-84.136,9.661],[-84.125,9.637],[-84.074,9.64],[-84.093,9.568],[-84.12,9.554],[-84.143,9.581],[-84.13,9.607],[-84.156,9.663]]]}},{"type":"Feature","properties":{"source":"IGN-SNIT","kind":"land"},"geometry":{"type":"Polygon","coordinates":[[[-82.917,9.672],[-82.894,9.639],[-82.784,9.614],[-82.81,9.596],[-82.856,9.614],[-82.892,9.55],[-83.01,9.59],[-83.16,9.605],[-83.137,9.64],[-83.137,9.619],[-83.122,9.616],[-83.093,9.63],[-82.953,9.613],[-82.923,9.634],[-82.917,9.672]]]}},{"type":"Feature","properties":{"source":"IGN-SNIT","kind":"land"},"geometry":{"type":"Polygon","coordinates":[[[-83.269,9.673],[-83.137,9.64],[-83.16,9.605],[-83.15,9.597],[-83.01,9.59],[-82.868,9.553],[-82.872,9.524],[-82.841,9.497],[-82.934,9.475],[-82.939,9.075],[-82.98,9.098],[-82.992,9.155],[-83.061,9.172],[-83.073,9.25],[-83.134,9.276],[-83.177,9.326],[-83.224,9.321],[-83.319,9.384],[-83.351,9.351],[-83.399,9.338],[-83.458,9.384],[-83.489,9.482],[-83.469,9.554],[-83.43,9.562],[-83.402,9.6],[-83.342,9.625],[-83.319,9.671],[-83.269,9.673]]]}},{"type":"Feature","properties":{"source":"IGN-SNIT","kind":"land"},"geometry":{"type":"Polygon","coordinates":[[[-83.919,9.683],[-83.858,9.673],[-83.85,9.625],[-83.758,9.592],[-83.791,9.588],[-83.825,9.531],[-83.848,9.535],[-83.896,9.498],[-83.94,9.49],[-83.954,9.43],[-83.974,9.458],[-83.919,9.683]]]}},{"type":"Feature","properties":{"source":"IGN-SNIT","kind":"land"},"geometry":{"type":"Polygon","coordinates":[[[-83.977,9.689],[-83.933,9.647],[-83.974,9.458],[-83.989,9.464],[-83.977,9.689]]]}},{"type":"Feature","properties":{"source":"IGN-SNIT","kind":"land"},"geometry":{"type":"Polygon","coordinates":[[[-84.599,9.705],[-84.529,9.577],[-84.546,9.537],[-84.622,9.586],[-84.628,9.61],[-84.664,9.631],[-84.66,9.651],[-84.68,9.651],[-84.659,9.685],[-84.599,9.705]]]}},{"type":"Feature","properties":{"source":"IGN-SNIT","kind":"land"},"geometry":{"type":"Polygon","coordinates":[[[-84.087,9.707],[-84.066,9.692],[-84.061,9.657],[-84.087,9.644],[-84.106,9.682],[-84.087,9.707]]]}},{"type":"Feature","properties":{"source":"IGN-SNIT","kind":"land"},"geometry":{"type":"Polygon","coordinates":[[[-84.04,9.71],[-84.018,9.69],[-84.064,9.658],[-84.071,9.696],[-84.04,9.71]]]}},{"type":"Feature","properties":{"source":"IGN-SNIT","kind":"land"},"geometry":{"type":"Polygon","coordinates":[[[-84.101,9.71],[-84.087,9.645],[-84.125,9.637],[-84.154,9.67],[-84.101,9.71]]]}},{"type":"Feature","properties":{"source":"IGN-SNIT","kind":"land"},"geometry":{"type":"Polygon","coordinates":[[[-83.983,9.718],[-83.99,9.622],[-84.005,9.622],[-84.047,9.658],[-84.02,9.702],[-83.983,9.718]]]}},{"type":"Feature","properties":{"source":"IGN-SNIT","kind":"land"},"geometry":{"type":"Polygon","coordinates":[[[-83.921,9.683],[-83.933,9.647],[-83.949,9.658],[-83.978,9.692],[-83.971,9.717],[-83.987,9.739],[-83.957,9.733],[-83.921,9.683]]]}},{"type":"Feature","properties":{"source":"IGN-SNIT","kind":"land"},"geometry":{"type":"Polygon","coordinates":[[[-84.051,9.744],[-83.987,9.739],[-83.971,9.716],[-84.029,9.705],[-84.051,9.744]]]}},{"type":"Feature","properties":{"source":"IGN-SNIT","kind":"land"},"geometry":{"type":"Polygon","coordinates":[[[-84.053,9.744],[-84.031,9.706],[-84.071,9.724],[-84.053,9.744]]]}},{"type":"Feature","properties":{"source":"IGN-SNIT","kind":"land"},"geometry":{"type":"Polygon","coordinates":[[[-84.39,9.748],[-84.368,9.725],[-84.334,9.73],[-84.297,9.67],[-84.321,9.636],[-84.398,9.636],[-84.392,9.6],[-84.431,9.556],[-84.445,9.578],[-84.482,9.577],[-84.49,9.642],[-84.469,9.663],[-84.486,9.684],[-84.416,9.703],[-84.39,9.748]]]}},{"type":"Feature","properties":{"source":"IGN-SNIT","kind":"land"},"geometry":{"type":"Polygon","coordinates":[[[-84.095,9.751],[-84.068,9.741],[-84.051,9.705],[-84.091,9.707],[-84.095,9.751]]]}},{"type":"Feature","properties":{"source":"IGN-SNIT","kind":"land"},"geometry":{"type":"Polygon","coordinates":[[[-84.111,9.753],[-84.091,9.711],[-84.15,9.678],[-84.149,9.63],[-84.219,9.621],[-84.204,9.681],[-84.111,9.753]]]}},{"type":"Feature","properties":{"source":"IGN-SNIT","kind":"land"},"geometry":{"type":"Polygon","coordinates":[[[-84.109,9.761],[-84.095,9.729],[-84.111,9.754],[-84.135,9.733],[-84.137,9.754],[-84.109,9.761]]]}},{"type":"Feature","properties":{"source":"IGN-SNIT","kind":"land"},"geometry":{"type":"Polygon","coordinates":[[[-82.895,9.768],[-82.835,9.735],[-82.809,9.745],[-82.813,9.713],[-82.772,9.659],[-82.622,9.635],[-82.613,9.607],[-82.671,9.59],[-82.725,9.621],[-82.779,9.611],[-82.894,9.639],[-82.89,9.671],[-82.932,9.719],[-82.895,9.768]]]}},{"type":"Feature","properties":{"source":"IGN-SNIT","kind":"land"},"geometry":{"type":"Polygon","coordinates":[[[-84.088,9.77],[-84.035,9.765],[-84.03,9.742],[-84.089,9.745],[-84.108,9.761],[-84.088,9.77]]]}},{"type":"Feature","properties":{"source":"IGN-SNIT","kind":"land"},"geometry":{"type":"Polygon","coordinates":[[[-84.245,9.768],[-84.228,9.723],[-84.175,9.698],[-84.204,9.681],[-84.238,9.623],[-84.297,9.634],[-84.297,9.671],[-84.342,9.741],[-84.323,9.77],[-84.245,9.768]]]}},{"type":"Feature","properties":{"source":"IGN-SNIT","kind":"land"},"geometry":{"type":"Polygon","coordinates":[[[-84.174,9.78],[-84.133,9.729],[-84.175,9.698],[-84.228,9.723],[-84.245,9.767],[-84.174,9.78]]]}},{"type":"Feature","properties":{"source":"IGN-SNIT","kind":"land"},"geometry":{"type":"Polygon","coordinates":[[[-83.993,9.784],[-83.979,9.745],[-83.951,9.74],[-83.949,9.714],[-83.965,9.738],[-84.03,9.742],[-84.034,9.764],[-83.993,9.784]]]}},{"type":"Feature","properties":{"source":"IGN-SNIT","kind":"land"},"geometry":{"type":"Polygon","coordinates":[[[-84.475,9.796],[-84.491,9.729],[-84.466,9.702],[-84.486,9.684],[-84.469,9.662],[-84.49,9.642],[-84.475,9.589],[-84.484,9.57],[-84.525,9.573],[-84.58,9.665],[-84.593,9.743],[-84.573,9.738],[-84.539,9.777],[-84.475,9.796]]]}},{"type":"Feature","properties":{"source":"IGN-SNIT","kind":"land"},"geometry":{"type":"Polygon","coordinates":[[[-84.004,9.809],[-83.989,9.788],[-84.021,9.77],[-84.03,9.79],[-84.004,9.809]]]}},{"type":"Feature","properties":{"source":"IGN-SNIT","kind":"land"},"geometry":{"type":"Polygon","coordinates":[[[-84.129,9.812],[-84.113,9.801],[-84.135,9.733],[-84.163,9.776],[-84.129,9.812]]]}},{"type":"Feature","properties":{"source":"IGN-SNIT","kind":"land"},"geometry":{"type":"Polygon","coordinates":[[[-84.111,9.815],[-84.095,9.786],[-84.116,9.761],[-84.129,9.771],[-84.111,9.815]]]}},{"type":"Feature","properties":{"source":"IGN-SNIT","kind":"land"},"geometry":{"type":"Polygon","coordinates":[[[-84.019,9.816],[-84.021,9.77],[-84.088,9.768],[-84.071,9.806],[-84.019,9.816]]]}},{"type":"Feature","properties":{"source":"IGN-SNIT","kind":"land"},"geometry":{"type":"Polygon","coordinates":[[[-85.152,9.815],[-85.132,9.809],[-85.139,9.786],[-85.103,9.754],[-85.051,9.769],[-85.084,9.71],[-85.031,9.727],[-84.994,9.704],[-85.068,9.654],[-85.091,9.571],[-85.111,9.559],[-85.141,9.58],[-85.147,9.62],[-85.233,9.735],[-85.215,9.728],[-85.219,9.744],[-85.152,9.815]]]}},{"type":"Feature","properties":{"source":"IGN-SNIT","kind":"land"},"geometry":{"type":"Polygon","coordinates":[[[-84.202,9.818],[-84.186,9.779],[-84.323,9.77],[-84.275,9.782],[-84.262,9.81],[-84.202,9.818]]]}},{"type":"Feature","properties":{"source":"IGN-SNIT","kind":"land"},"geometry":{"type":"Polygon","coordinates":[[[-83.843,9.821],[-83.811,9.792],[-83.777,9.809],[-83.778,9.768],[-83.72,9.78],[-83.727,9.766],[-83.672,9.69],[-83.676,9.643],[-83.629,9.605],[-83.634,9.581],[-83.654,9.584],[-83.683,9.552],[-83.754,9.561],[-83.759,9.597],[-83.872,9.771],[-83.874,9.806],[-83.843,9.821]]]}},{"type":"Feature","properties":{"source":"IGN-SNIT","kind":"land"},"geometry":{"type":"Polygon","coordinates":[[[-84.159,9.824],[-84.132,9.802],[-84.148,9.78],[-84.186,9.779],[-84.19,9.814],[-84.174,9.807],[-84.159,9.824]]]}},{"type":"Feature","properties":{"source":"IGN-SNIT","kind":"land"},"geometry":{"type":"Polygon","coordinates":[[[-84.32,9.828],[-84.317,9.779],[-84.346,9.749],[-84.363,9.794],[-84.32,9.828]]]}},{"type":"Feature","properties":{"source":"IGN-SNIT","kind":"land"},"geometry":{"type":"Polygon","coordinates":[[[-84.065,9.831],[-84.084,9.775],[-84.109,9.761],[-84.103,9.808],[-84.086,9.817],[-84.104,9.826],[-84.065,9.831]]]}},{"type":"Feature","properties":{"source":"IGN-SNIT","kind":"land"},"geometry":{"type":"Polygon","coordinates":[[[-83.983,9.845],[-83.959,9.842],[-83.99,9.79],[-84.026,9.821],[-83.983,9.845]]]}},{"type":"Feature","properties":{"source":"IGN-SNIT","kind":"land"},"geometry":{"type":"Polygon","coordinates":[[[-84.102,9.807],[-84.139,9.812],[-84.137,9.848],[-84.087,9.82],[-84.102,9.807]]]}},{"type":"Feature","properties":{"source":"IGN-SNIT","kind":"land"},"geometry":{"type":"Polygon","coordinates":[[[-84.415,9.851],[-84.316,9.834],[-84.363,9.793],[-84.334,9.73],[-84.368,9.725],[-84.39,9.748],[-84.416,9.703],[-84.47,9.687],[-84.49,9.747],[-84.472,9.793],[-84.449,9.791],[-84.415,9.851]]]}},{"type":"Feature","properties":{"source":"IGN-SNIT","kind":"land"},"geometry":{"type":"Polygon","coordinates":[[[-84.296,9.853],[-84.273,9.833],[-84.253,9.843],[-84.267,9.797],[-84.296,9.818],[-84.296,9.853]]]}},{"type":"Feature","properties":{"source":"IGN-SNIT","kind":"land"},"geometry":{"type":"Polygon","coordinates":[[[-83.936,9.854],[-83.925,9.839],[-83.979,9.839],[-83.936,9.854]]]}},{"type":"Feature","properties":{"source":"IGN-SNIT","kind":"land"},"geometry":{"type":"Polygon","coordinates":[[[-83.923,9.857],[-83.887,9.822],[-83.895,9.798],[-83.772,9.604],[-83.943,9.798],[-83.946,9.828],[-83.923,9.857]]]}},{"type":"Feature","properties":{"source":"IGN-SNIT","kind":"land"},"geometry":{"type":"Polygon","coordinates":[[[-83.698,9.857],[-83.653,9.85],[-83.658,9.823],[-83.599,9.735],[-83.672,9.69],[-83.727,9.766],[-83.72,9.781],[-83.786,9.775],[-83.767,9.822],[-83.692,9.828],[-83.698,9.857]]]}},{"type":"Feature","properties":{"source":"IGN-SNIT","kind":"land"},"geometry":{"type":"Polygon","coordinates":[[[-83.913,9.858],[-83.865,9.818],[-83.872,9.771],[-83.765,9.604],[-83.895,9.798],[-83.887,9.822],[-83.914,9.835],[-83.913,9.858]]]}},{"type":"Feature","properties":{"source":"IGN-SNIT","kind":"land"},"geometry":{"type":"Polygon","coordinates":[[[-84.161,9.862],[-84.137,9.848],[-84.141,9.822],[-84.174,9.807],[-84.223,9.813],[-84.215,9.848],[-84.193,9.84],[-84.161,9.862]]]}},{"type":"Feature","properties":{"source":"IGN-SNIT","kind":"land"},"geometry":{"type":"Polygon","coordinates":[[[-83.887,9.864],[-83.869,9.854],[-83.872,9.833],[-83.895,9.848],[-83.887,9.864]]]}},{"type":"Feature","properties":{"source":"IGN-SNIT","kind":"land"},"geometry":{"type":"Polygon","coordinates":[[[-83.921,9.869],[-83.907,9.866],[-83.916,9.852],[-83.921,9.869]]]}},{"type":"Feature","properties":{"source":"IGN-SNIT","kind":"land"},"geometry":{"type":"Polygon","coordinates":[[[-84.081,9.87],[-84.061,9.863],[-84.063,9.831],[-84.106,9.826],[-84.081,9.87]]]}},{"type":"Feature","properties":{"source":"IGN-SNIT","kind":"land"},"geometry":{"type":"Polygon","coordinates":[[[-83.927,9.873],[-83.921,9.869],[-83.929,9.852],[-83.927,9.873]]]}},{"type":"Feature","properties":{"source":"IGN-SNIT","kind":"land"},"geometry":{"type":"Polygon","coordinates":[[[-84.08,9.876],[-84.104,9.833],[-84.135,9.848],[-84.114,9.872],[-84.08,9.876]]]}},{"type":"Feature","properties":{"source":"IGN-SNIT","kind":"land"},"geometry":{"type":"Polygon","coordinates":[[[-83.757,9.877],[-83.698,9.857],[-83.692,9.828],[-83.767,9.822],[-83.757,9.877]]]}},{"type":"Feature","properties":{"source":"IGN-SNIT","kind":"land"},"geometry":{"type":"Polygon","coordinates":[[[-83.764,9.877],[-83.772,9.809],[-83.807,9.792],[-83.835,9.804],[-83.842,9.824],[-83.827,9.818],[-83.8,9.864],[-83.764,9.877]]]}},{"type":"Feature","properties":{"source":"IGN-SNIT","kind":"land"},"geometry":{"type":"Polygon","coordinates":[[[-83.518,9.878],[-83.517,9.84],[-83.49,9.824],[-83.511,9.791],[-83.592,9.749],[-83.601,9.782],[-83.573,9.835],[-83.518,9.878]]]}},{"type":"Feature","properties":{"source":"IGN-SNIT","kind":"land"},"geometry":{"type":"Polygon","coordinates":[[[-84.487,9.878],[-84.427,9.838],[-84.449,9.791],[-84.477,9.798],[-84.48,9.838],[-84.514,9.851],[-84.487,9.878]]]}},{"type":"Feature","properties":{"source":"IGN-SNIT","kind":"land"},"geometry":{"type":"Polygon","coordinates":[[[-83.844,9.879],[-83.815,9.831],[-83.867,9.807],[-83.878,9.863],[-83.844,9.879]]]}},{"type":"Feature","properties":{"source":"IGN-SNIT","kind":"land"},"geometry":{"type":"Polygon","coordinates":[[[-84.258,9.876],[-84.247,9.863],[-84.272,9.844],[-84.288,9.865],[-84.258,9.876]]]}},{"type":"Feature","properties":{"source":"IGN-SNIT","kind":"land"},"geometry":{"type":"Polygon","coordinates":[[[-84.677,9.879],[-84.563,9.843],[-84.583,9.815],[-84.539,9.777],[-84.573,9.738],[-84.593,9.743],[-84.585,9.702],[-84.635,9.698],[-84.669,9.675],[-84.675,9.697],[-84.627,9.755],[-84.701,9.858],[-84.677,9.879]]]}},{"type":"Feature","properties":{"source":"IGN-SNIT","kind":"land"},"geometry":{"type":"Polygon","coordinates":[[[-84.367,9.879],[-84.347,9.871],[-84.343,9.839],[-84.391,9.846],[-84.367,9.879]]]}},{"type":"Feature","properties":{"source":"IGN-SNIT","kind":"land"},"geometry":{"type":"Polygon","coordinates":[[[-84.042,9.881],[-84.051,9.86],[-84.058,9.874],[-84.042,9.881]]]}},{"type":"Feature","properties":{"source":"IGN-SNIT","kind":"land"},"geometry":{"type":"Polygon","coordinates":[[[-84.329,9.881],[-84.296,9.818],[-84.267,9.797],[-84.275,9.782],[-84.318,9.778],[-84.311,9.817],[-84.34,9.857],[-84.329,9.881]]]}},{"type":"Feature","properties":{"source":"IGN-SNIT","kind":"land"},"geometry":{"type":"Polygon","coordinates":[[[-83.979,9.884],[-83.929,9.863],[-83.976,9.853],[-83.979,9.884]]]}},{"type":"Feature","properties":{"source":"IGN-SNIT","kind":"land"},"geometry":{"type":"Polygon","coordinates":[[[-83.985,9.884],[-83.979,9.855],[-83.961,9.847],[-84.045,9.816],[-83.985,9.884]]]}},{"type":"Feature","properties":{"source":"IGN-SNIT","kind":"land"},"geometry":{"type":"Polygon","coordinates":[[[-84.279,9.886],[-84.269,9.87],[-84.293,9.864],[-84.298,9.877],[-84.279,9.886]]]}},{"type":"Feature","properties":{"source":"IGN-SNIT","kind":"land"},"geometry":{"type":"Polygon","coordinates":[[[-84.036,9.888],[-83.998,9.876],[-84.022,9.841],[-84.05,9.859],[-84.036,9.888]]]}},{"type":"Feature","properties":{"source":"IGN-SNIT","kind":"land"},"geometry":{"type":"Polygon","coordinates":[[[-84.065,9.888],[-84.022,9.841],[-84.068,9.808],[-84.065,9.888]]]}},{"type":"Feature","properties":{"source":"IGN-SNIT","kind":"land"},"geometry":{"type":"Polygon","coordinates":[[[-84.188,9.885],[-84.147,9.857],[-84.196,9.839],[-84.215,9.848],[-84.225,9.811],[-84.264,9.809],[-84.254,9.858],[-84.209,9.861],[-84.188,9.885]]]}},{"type":"Feature","properties":{"source":"IGN-SNIT","kind":"land"},"geometry":{"type":"Polygon","coordinates":[[[-84.083,9.89],[-84.084,9.872],[-84.104,9.875],[-84.083,9.89]]]}},{"type":"Feature","properties":{"source":"IGN-SNIT","kind":"land"},"geometry":{"type":"Polygon","coordinates":[[[-84.326,9.891],[-84.3,9.882],[-84.27,9.834],[-84.315,9.858],[-84.326,9.891]]]}},{"type":"Feature","properties":{"source":"IGN-SNIT","kind":"land"},"geometry":{"type":"Polygon","coordinates":[[[-83.897,9.892],[-83.88,9.88],[-83.895,9.848],[-83.911,9.869],[-83.897,9.892]]]}},{"type":"Feature","properties":{"source":"IGN-SNIT","kind":"land"},"geometry":{"type":"Polygon","coordinates":[[[-84.075,9.893],[-84.061,9.863],[-84.081,9.867],[-84.075,9.893]]]}},{"type":"Feature","properties":{"source":"IGN-SNIT","kind":"land"},"geometry":{"type":"Polygon","coordinates":[[[-84.512,9.893],[-84.5,9.873],[-84.514,9.851],[-84.48,9.838],[-84.472,9.793],[-84.534,9.773],[-84.583,9.822],[-84.512,9.893]]]}},{"type":"Feature","properties":{"source":"IGN-SNIT","kind":"land"},"geometry":{"type":"Polygon","coordinates":[[[-83.91,9.893],[-83.905,9.873],[-83.926,9.87],[-83.91,9.893]]]}},{"type":"Feature","properties":{"source":"IGN-SNIT","kind":"land"},"geometry":{"type":"Polygon","coordinates":[[[-84.12,9.896],[-84.1,9.877],[-84.138,9.848],[-84.146,9.86],[-84.12,9.896]]]}},{"type":"Feature","properties":{"source":"IGN-SNIT","kind":"land"},"geometry":{"type":"Polygon","coordinates":[[[-82.978,9.896],[-82.871,9.763],[-82.896,9.767],[-82.932,9.72],[-82.889,9.667],[-82.901,9.656],[-82.924,9.67],[-82.923,9.634],[-82.953,9.613],[-83.093,9.63],[-83.122,9.616],[-83.137,9.619],[-83.137,9.64],[-83.224,9.669],[-83.315,9.672],[-83.342,9.625],[-83.402,9.6],[-83.43,9.562],[-83.469,9.554],[-83.489,9.484],[-83.515,9.536],[-83.511,9.598],[-83.43,9.677],[-83.429,9.706],[-83.339,9.834],[-83.314,9.802],[-83.262,9.802],[-83.24,9.783],[-83.193,9.809],[-83.129,9.785],[-83.077,9.826],[-83.047,9.828],[-83.051,9.853],[-83.039,9.847],[-82.978,9.896]]]}},{"type":"Feature","properties":{"source":"IGN-SNIT","kind":"land"},"geometry":{"type":"Polygon","coordinates":[[[-83.535,9.897],[-83.517,9.878],[-83.573,9.835],[-83.593,9.796],[-83.605,9.857],[-83.535,9.897]]]}},{"type":"Feature","properties":{"source":"IGN-SNIT","kind":"land"},"geometry":{"type":"Polygon","coordinates":[[[-84.036,9.888],[-84.042,9.897],[-84.014,9.897],[-83.998,9.876],[-84.036,9.888]]]}},{"type":"Feature","properties":{"source":"IGN-SNIT","kind":"land"},"geometry":{"type":"Polygon","coordinates":[[[-84.044,9.899],[-84.036,9.885],[-84.049,9.879],[-84.044,9.899]]]}},{"type":"Feature","properties":{"source":"IGN-SNIT","kind":"land"},"geometry":{"type":"Polygon","coordinates":[[[-84.06,9.899],[-84.05,9.886],[-84.058,9.874],[-84.06,9.899]]]}},{"type":"Feature","properties":{"source":"IGN-SNIT","kind":"land"},"geometry":{"type":"Polygon","coordinates":[[[-84.104,9.899],[-84.105,9.878],[-84.113,9.894],[-84.104,9.899]]]}},{"type":"Feature","properties":{"source":"IGN-SNIT","kind":"land"},"geometry":{"type":"Polygon","coordinates":[[[-84.332,9.9],[-84.34,9.857],[-84.362,9.878],[-84.332,9.9]]]}},{"type":"Feature","properties":{"source":"IGN-SNIT","kind":"land"},"geometry":{"type":"Polygon","coordinates":[[[-84.447,9.901],[-84.417,9.896],[-84.422,9.838],[-84.505,9.885],[-84.447,9.901]]]}},{"type":"Feature","properties":{"source":"IGN-SNIT","kind":"land"},"geometry":{"type":"Polygon","coordinates":[[[-84.093,9.902],[-84.084,9.886],[-84.1,9.877],[-84.093,9.902]]]}},{"type":"Feature","properties":{"source":"IGN-SNIT","kind":"land"},"geometry":{"type":"Polygon","coordinates":[[[-84.047,9.904],[-84.03,9.897],[-84.055,9.895],[-84.064,9.903],[-84.047,9.904]]]}},{"type":"Feature","properties":{"source":"IGN-SNIT","kind":"land"},"geometry":{"type":"Polygon","coordinates":[[[-84.081,9.904],[-84.081,9.884],[-84.092,9.898],[-84.081,9.904]]]}},{"type":"Feature","properties":{"source":"IGN-SNIT","kind":"land"},"geometry":{"type":"Polygon","coordinates":[[[-83.78,9.908],[-83.766,9.875],[-83.8,9.864],[-83.815,9.832],[-83.844,9.879],[-83.794,9.875],[-83.78,9.908]]]}},{"type":"Feature","properties":{"source":"IGN-SNIT","kind":"land"},"geometry":{"type":"Polygon","coordinates":[[[-83.996,9.899],[-83.976,9.892],[-83.998,9.876],[-84.014,9.897],[-83.996,9.899]]]}},{"type":"Feature","properties":{"source":"IGN-SNIT","kind":"land"},"geometry":{"type":"Polygon","coordinates":[[[-84.072,9.909],[-84.068,9.884],[-84.081,9.902],[-84.072,9.909]]]}},{"type":"Feature","properties":{"source":"IGN-SNIT","kind":"land"},"geometry":{"type":"Polygon","coordinates":[[[-84.042,9.909],[-84.021,9.896],[-84.047,9.904],[-84.042,9.909]]]}},{"type":"Feature","properties":{"source":"IGN-SNIT","kind":"land"},"geometry":{"type":"Polygon","coordinates":[[[-84.568,9.91],[-84.547,9.898],[-84.538,9.863],[-84.592,9.842],[-84.616,9.863],[-84.568,9.91]]]}},{"type":"Feature","properties":{"source":"IGN-SNIT","kind":"land"},"geometry":{"type":"Polygon","coordinates":[[[-84.106,9.91],[-84.095,9.898],[-84.104,9.899],[-84.106,9.91]]]}},{"type":"Feature","properties":{"source":"IGN-SNIT","kind":"land"},"geometry":{"type":"Polygon","coordinates":[[[-84.404,9.911],[-84.368,9.889],[-84.391,9.846],[-84.418,9.85],[-84.404,9.911]]]}},{"type":"Feature","properties":{"source":"IGN-SNIT","kind":"land"},"geometry":{"type":"Polygon","coordinates":[[[-83.831,9.912],[-83.822,9.894],[-83.858,9.877],[-83.831,9.912]]]}},{"type":"Feature","properties":{"source":"IGN-SNIT","kind":"land"},"geometry":{"type":"Polygon","coordinates":[[[-83.977,9.915],[-83.996,9.899],[-83.992,9.915],[-83.977,9.915]]]}},{"type":"Feature","properties":{"source":"IGN-SNIT","kind":"land"},"geometry":{"type":"Polygon","coordinates":[[[-83.852,9.915],[-83.863,9.867],[-83.887,9.863],[-83.883,9.91],[-83.852,9.915]]]}},{"type":"Feature","properties":{"source":"IGN-SNIT","kind":"land"},"geometry":{"type":"Polygon","coordinates":[[[-84.068,9.916],[-84.048,9.903],[-84.067,9.904],[-84.068,9.916]]]}},{"type":"Feature","properties":{"source":"IGN-SNIT","kind":"land"},"geometry":{"type":"Polygon","coordinates":[[[-84.334,9.918],[-84.278,9.885],[-84.326,9.891],[-84.347,9.916],[-84.334,9.918]]]}},{"type":"Feature","properties":{"source":"IGN-SNIT","kind":"land"},"geometry":{"type":"Polygon","coordinates":[[[-84.122,9.895],[-84.146,9.859],[-84.162,9.906],[-84.122,9.92],[-84.122,9.895]]]}},{"type":"Feature","properties":{"source":"IGN-SNIT","kind":"land"},"geometry":{"type":"Polygon","coordinates":[[[-84.087,9.921],[-84.068,9.907],[-84.094,9.902],[-84.087,9.921]]]}},{"type":"Feature","properties":{"source":"IGN-SNIT","kind":"land"},"geometry":{"type":"Polygon","coordinates":[[[-83.794,9.923],[-83.789,9.881],[-83.824,9.877],[-83.794,9.923]]]}},{"type":"Feature","properties":{"source":"IGN-SNIT","kind":"land"},"geometry":{"type":"Polygon","coordinates":[[[-83.963,9.925],[-83.954,9.903],[-83.977,9.882],[-83.987,9.902],[-83.963,9.925]]]}},{"type":"Feature","properties":{"source":"IGN-SNIT","kind":"land"},"geometry":{"type":"Polygon","coordinates":[[[-84.005,9.925],[-83.993,9.911],[-84.021,9.895],[-84.005,9.925]]]}},{"type":"Feature","properties":{"source":"IGN-SNIT","kind":"land"},"geometry":{"type":"Polygon","coordinates":[[[-84.424,9.926],[-84.407,9.92],[-84.409,9.896],[-84.508,9.888],[-84.498,9.911],[-84.424,9.926]]]}},{"type":"Feature","properties":{"source":"IGN-SNIT","kind":"land"},"geometry":{"type":"Polygon","coordinates":[[[-84.162,9.906],[-84.15,9.863],[-84.194,9.888],[-84.183,9.921],[-84.161,9.926],[-84.162,9.906]]]}},{"type":"Feature","properties":{"source":"IGN-SNIT","kind":"land"},"geometry":{"type":"Polygon","coordinates":[[[-84.137,9.925],[-84.162,9.906],[-84.16,9.927],[-84.137,9.925]]]}},{"type":"Feature","properties":{"source":"IGN-SNIT","kind":"land"},"geometry":{"type":"Polygon","coordinates":[[[-84.051,9.922],[-84.054,9.913],[-84.072,9.92],[-84.051,9.922]]]}},{"type":"Feature","properties":{"source":"IGN-SNIT","kind":"land"},"geometry":{"type":"Polygon","coordinates":[[[-83.94,9.928],[-83.916,9.923],[-83.914,9.891],[-83.932,9.866],[-83.953,9.877],[-83.96,9.866],[-83.977,9.88],[-83.94,9.928]]]}},{"type":"Feature","properties":{"source":"IGN-SNIT","kind":"land"},"geometry":{"type":"Polygon","coordinates":[[[-85.314,9.926],[-85.286,9.87],[-85.219,9.903],[-85.198,9.861],[-85.176,9.855],[-85.196,9.796],[-85.18,9.782],[-85.219,9.743],[-85.216,9.727],[-85.275,9.76],[-85.271,9.782],[-85.298,9.807],[-85.38,9.849],[-85.427,9.853],[-85.314,9.926]]]}},{"type":"Feature","properties":{"source":"IGN-SNIT","kind":"land"},"geometry":{"type":"Polygon","coordinates":[[[-84.041,9.93],[-84.017,9.927],[-84.028,9.902],[-84.051,9.908],[-84.041,9.93]]]}},{"type":"Feature","properties":{"source":"IGN-SNIT","kind":"land"},"geometry":{"type":"Polygon","coordinates":[[[-84.005,9.93],[-84.021,9.896],[-84.03,9.914],[-84.005,9.93]]]}},{"type":"Feature","properties":{"source":"IGN-SNIT","kind":"land"},"geometry":{"type":"Polygon","coordinates":[[[-84.119,9.932],[-84.105,9.906],[-84.114,9.893],[-84.119,9.932]]]}},{"type":"Feature","properties":{"source":"IGN-SNIT","kind":"land"},"geometry":{"type":"Polygon","coordinates":[[[-84.115,9.932],[-84.088,9.919],[-84.093,9.908],[-84.115,9.932]]]}},{"type":"Feature","properties":{"source":"IGN-SNIT","kind":"land"},"geometry":{"type":"Polygon","coordinates":[[[-83.557,9.932],[-83.535,9.897],[-83.605,9.857],[-83.593,9.701],[-83.635,9.683],[-83.637,9.604],[-83.676,9.643],[-83.678,9.681],[-83.599,9.735],[-83.658,9.823],[-83.653,9.85],[-83.606,9.885],[-83.597,9.915],[-83.557,9.932]]]}},{"type":"Feature","properties":{"source":"IGN-SNIT","kind":"land"},"geometry":{"type":"Polygon","coordinates":[[[-84.535,9.932],[-84.503,9.919],[-84.501,9.9],[-84.536,9.872],[-84.549,9.896],[-84.535,9.932]]]}},{"type":"Feature","properties":{"source":"IGN-SNIT","kind":"land"},"geometry":{"type":"Polygon","coordinates":[[[-83.722,9.933],[-83.651,9.901],[-83.639,9.874],[-83.65,9.85],[-83.712,9.862],[-83.722,9.933]]]}},{"type":"Feature","properties":{"source":"IGN-SNIT","kind":"land"},"geometry":{"type":"Polygon","coordinates":[[[-84.078,9.934],[-84.062,9.932],[-84.07,9.915],[-84.078,9.934]]]}},{"type":"Feature","properties":{"source":"IGN-SNIT","kind":"land"},"geometry":{"type":"Polygon","coordinates":[[[-84.244,9.935],[-84.199,9.894],[-84.218,9.884],[-84.325,9.916],[-84.244,9.935]]]}},{"type":"Feature","properties":{"source":"IGN-SNIT","kind":"land"},"geometry":{"type":"Polygon","coordinates":[[[-84.578,9.935],[-84.535,9.919],[-84.547,9.898],[-84.579,9.912],[-84.578,9.935]]]}},{"type":"Feature","properties":{"source":"IGN-SNIT","kind":"land"},"geometry":{"type":"Polygon","coordinates":[[[-84.098,9.936],[-84.079,9.934],[-84.084,9.917],[-84.098,9.936]]]}},{"type":"Feature","properties":{"source":"IGN-SNIT","kind":"land"},"geometry":{"type":"Polygon","coordinates":[[[-84.596,9.935],[-84.571,9.904],[-84.616,9.861],[-84.69,9.886],[-84.685,9.909],[-84.647,9.906],[-84.596,9.935]]]}},{"type":"Feature","properties":{"source":"IGN-SNIT","kind":"land"},"geometry":{"type":"Polygon","coordinates":[[[-83.999,9.936],[-83.977,9.934],[-83.993,9.911],[-83.999,9.936]]]}},{"type":"Feature","properties":{"source":"IGN-SNIT","kind":"land"},"geometry":{"type":"Polygon","coordinates":[[[-84.393,9.936],[-84.342,9.914],[-84.335,9.891],[-84.367,9.879],[-84.415,9.923],[-84.393,9.936]]]}},{"type":"Feature","properties":{"source":"IGN-SNIT","kind":"land"},"geometry":{"type":"Polygon","coordinates":[[[-84.017,9.938],[-84.005,9.93],[-84.042,9.93],[-84.017,9.938]]]}},{"type":"Feature","properties":{"source":"IGN-SNIT","kind":"land"},"geometry":{"type":"Polygon","coordinates":[[[-84.069,9.941],[-84.062,9.932],[-84.079,9.934],[-84.069,9.941]]]}},{"type":"Feature","properties":{"source":"IGN-SNIT","kind":"land"},"geometry":{"type":"Polygon","coordinates":[[[-83.975,9.936],[-84.002,9.931],[-84.008,9.94],[-83.975,9.936]]]}},{"type":"Feature","properties":{"source":"IGN-SNIT","kind":"land"},"geometry":{"type":"Polygon","coordinates":[[[-84.177,9.941],[-84.163,9.922],[-84.183,9.921],[-84.192,9.938],[-84.177,9.941]]]}},{"type":"Feature","properties":{"source":"IGN-SNIT","kind":"land"},"geometry":{"type":"Polygon","coordinates":[[[-84.214,9.943],[-84.194,9.888],[-84.226,9.925],[-84.214,9.943]]]}},{"type":"Feature","properties":{"source":"IGN-SNIT","kind":"land"},"geometry":{"type":"Polygon","coordinates":[[[-84.029,9.934],[-84.066,9.927],[-84.039,9.944],[-84.029,9.934]]]}},{"type":"Feature","properties":{"source":"IGN-SNIT","kind":"land"},"geometry":{"type":"Polygon","coordinates":[[[-84.078,9.945],[-84.064,9.942],[-84.075,9.939],[-84.078,9.945]]]}},{"type":"Feature","properties":{"source":"IGN-SNIT","kind":"land"},"geometry":{"type":"Polygon","coordinates":[[[-84.1,9.946],[-84.099,9.926],[-84.122,9.931],[-84.1,9.946]]]}},{"type":"Feature","properties":{"source":"IGN-SNIT","kind":"land"},"geometry":{"type":"Polygon","coordinates":[[[-84.084,9.945],[-84.079,9.934],[-84.098,9.936],[-84.084,9.945]]]}},{"type":"Feature","properties":{"source":"IGN-SNIT","kind":"land"},"geometry":{"type":"Polygon","coordinates":[[[-84.486,9.946],[-84.462,9.924],[-84.501,9.9],[-84.516,9.93],[-84.486,9.946]]]}},{"type":"Feature","properties":{"source":"IGN-SNIT","kind":"land"},"geometry":{"type":"Polygon","coordinates":[[[-84.202,9.948],[-84.183,9.924],[-84.189,9.894],[-84.214,9.943],[-84.202,9.948]]]}},{"type":"Feature","properties":{"source":"IGN-SNIT","kind":"land"},"geometry":{"type":"Polygon","coordinates":[[[-83.764,9.948],[-83.723,9.932],[-83.723,9.88],[-83.705,9.856],[-83.774,9.886],[-83.778,9.942],[-83.764,9.948]]]}},{"type":"Feature","properties":{"source":"IGN-SNIT","kind":"land"},"geometry":{"type":"Polygon","coordinates":[[[-84.23,9.949],[-84.217,9.941],[-84.227,9.927],[-84.244,9.935],[-84.23,9.949]]]}},{"type":"Feature","properties":{"source":"IGN-SNIT","kind":"land"},"geometry":{"type":"Polygon","coordinates":[[[-83.957,9.95],[-83.958,9.921],[-83.99,9.915],[-83.957,9.95]]]}},{"type":"Feature","properties":{"source":"IGN-SNIT","kind":"land"},"geometry":{"type":"Polygon","coordinates":[[[-84.046,9.951],[-84.04,9.944],[-84.061,9.938],[-84.046,9.951]]]}},{"type":"Feature","properties":{"source":"IGN-SNIT","kind":"land"},"geometry":{"type":"Polygon","coordinates":[[[-84.08,9.942],[-84.089,9.949],[-84.077,9.951],[-84.08,9.942]]]}},{"type":"Feature","properties":{"source":"IGN-SNIT","kind":"land"},"geometry":{"type":"Polygon","coordinates":[[[-84.04,9.952],[-84.024,9.946],[-84.029,9.934],[-84.04,9.952]]]}},{"type":"Feature","properties":{"source":"IGN-SNIT","kind":"land"},"geometry":{"type":"Polygon","coordinates":[[[-83.676,9.954],[-83.634,9.936],[-83.651,9.901],[-83.685,9.929],[-83.676,9.954]]]}},{"type":"Feature","properties":{"source":"IGN-SNIT","kind":"land"},"geometry":{"type":"Polygon","coordinates":[[[-83.063,9.954],[-83.016,9.951],[-82.96,9.876],[-82.99,9.893],[-83.039,9.847],[-83.052,9.852],[-83.047,9.829],[-83.077,9.826],[-83.129,9.785],[-83.168,9.806],[-83.212,9.805],[-83.24,9.783],[-83.277,9.802],[-83.243,9.828],[-83.229,9.889],[-83.063,9.954]]]}},{"type":"Feature","properties":{"source":"IGN-SNIT","kind":"land"},"geometry":{"type":"Polygon","coordinates":[[[-84.064,9.956],[-84.06,9.945],[-84.079,9.945],[-84.064,9.956]]]}},{"type":"Feature","properties":{"source":"IGN-SNIT","kind":"land"},"geometry":{"type":"Polygon","coordinates":[[[-83.969,9.953],[-84.029,9.934],[-83.992,9.958],[-83.969,9.953]]]}},{"type":"Feature","properties":{"source":"IGN-SNIT","kind":"land"},"geometry":{"type":"Polygon","coordinates":[[[-83.614,9.958],[-83.575,9.944],[-83.603,9.919],[-83.606,9.885],[-83.639,9.872],[-83.648,9.914],[-83.614,9.958]]]}},{"type":"Feature","properties":{"source":"IGN-SNIT","kind":"land"},"geometry":{"type":"Polygon","coordinates":[[[-84.041,9.96],[-84.049,9.943],[-84.066,9.94],[-84.041,9.96]]]}},{"type":"Feature","properties":{"source":"IGN-SNIT","kind":"land"},"geometry":{"type":"Polygon","coordinates":[[[-83.676,9.954],[-83.681,9.924],[-83.696,9.919],[-83.762,9.951],[-83.676,9.954]]]}},{"type":"Feature","properties":{"source":"IGN-SNIT","kind":"land"},"geometry":{"type":"Polygon","coordinates":[[[-84.606,9.961],[-84.603,9.926],[-84.647,9.906],[-84.667,9.916],[-84.65,9.945],[-84.606,9.961]]]}},{"type":"Feature","properties":{"source":"IGN-SNIT","kind":"land"},"geometry":{"type":"Polygon","coordinates":[[[-84.062,9.962],[-84.079,9.951],[-84.073,9.962],[-84.062,9.962]]]}},{"type":"Feature","properties":{"source":"IGN-SNIT","kind":"land"},"geometry":{"type":"Polygon","coordinates":[[[-84.099,9.963],[-84.096,9.955],[-84.107,9.96],[-84.099,9.963]]]}},{"type":"Feature","properties":{"source":"IGN-SNIT","kind":"land"},"geometry":{"type":"Polygon","coordinates":[[[-84.161,9.964],[-84.11,9.944],[-84.138,9.939],[-84.161,9.964]]]}},{"type":"Feature","properties":{"source":"IGN-SNIT","kind":"land"},"geometry":{"type":"Polygon","coordinates":[[[-83.995,9.965],[-83.963,9.953],[-84.039,9.951],[-83.995,9.965]]]}},{"type":"Feature","properties":{"source":"IGN-SNIT","kind":"land"},"geometry":{"type":"Polygon","coordinates":[[[-84.09,9.964],[-84.081,9.949],[-84.097,9.952],[-84.09,9.964]]]}},{"type":"Feature","properties":{"source":"IGN-SNIT","kind":"land"},"geometry":{"type":"Polygon","coordinates":[[[-85.57,9.963],[-85.563,9.935],[-85.463,9.945],[-85.465,9.9],[-85.499,9.862],[-85.52,9.88],[-85.63,9.894],[-85.637,9.908],[-85.598,9.911],[-85.591,9.952],[-85.57,9.963]]]}},{"type":"Feature","properties":{"source":"IGN-SNIT","kind":"land"},"geometry":{"type":"Polygon","coordinates":[[[-84.005,9.967],[-84.007,9.955],[-84.04,9.958],[-84.005,9.967]]]}},{"type":"Feature","properties":{"source":"IGN-SNIT","kind":"land"},"geometry":{"type":"Polygon","coordinates":[[[-85.287,9.967],[-85.27,9.962],[-85.277,9.916],[-85.23,9.902],[-85.283,9.87],[-85.298,9.909],[-85.317,9.91],[-85.287,9.967]]]}},{"type":"Feature","properties":{"source":"IGN-SNIT","kind":"land"},"geometry":{"type":"Polygon","coordinates":[[[-84.401,9.969],[-84.4,9.931],[-84.458,9.922],[-84.445,9.959],[-84.401,9.969]]]}},{"type":"Feature","properties":{"source":"IGN-SNIT","kind":"land"},"geometry":{"type":"Polygon","coordinates":[[[-84.286,9.97],[-84.279,9.959],[-84.315,9.918],[-84.368,9.93],[-84.345,9.967],[-84.286,9.97]]]}},{"type":"Feature","properties":{"source":"IGN-SNIT","kind":"land"},"geometry":{"type":"Polygon","coordinates":[[[-84.011,9.97],[-84.015,9.96],[-84.041,9.958],[-84.011,9.97]]]}},{"type":"Feature","properties":{"source":"IGN-SNIT","kind":"land"},"geometry":{"type":"Polygon","coordinates":[[[-83.882,9.97],[-83.914,9.895],[-83.916,9.923],[-83.958,9.922],[-83.954,9.952],[-83.882,9.97]]]}},{"type":"Feature","properties":{"source":"IGN-SNIT","kind":"land"},"geometry":{"type":"Polygon","coordinates":[[[-83.867,9.971],[-83.903,9.888],[-83.911,9.907],[-83.883,9.971],[-83.867,9.971]]]}},{"type":"Feature","properties":{"source":"IGN-SNIT","kind":"land"},"geometry":{"type":"Polygon","coordinates":[[[-84.173,9.972],[-84.109,9.962],[-84.085,9.944],[-84.173,9.972]]]}},{"type":"Feature","properties":{"source":"IGN-SNIT","kind":"land"},"geometry":{"type":"Polygon","coordinates":[[[-83.861,9.972],[-83.867,9.906],[-83.883,9.91],[-83.896,9.89],[-83.861,9.972]]]}},{"type":"Feature","properties":{"source":"IGN-SNIT","kind":"land"},"geometry":{"type":"Polygon","coordinates":[[[-84.178,9.96],[-84.123,9.937],[-84.122,9.92],[-84.159,9.927],[-84.178,9.96]]]}},{"type":"Feature","properties":{"source":"IGN-SNIT","kind":"land"},"geometry":{"type":"Polygon","coordinates":[[[-84.057,9.973],[-84.08,9.949],[-84.091,9.962],[-84.057,9.973]]]}},{"type":"Feature","properties":{"source":"IGN-SNIT","kind":"land"},"geometry":{"type":"Polygon","coordinates":[[[-84.19,9.973],[-84.162,9.935],[-84.223,9.946],[-84.19,9.973]]]}},{"type":"Feature","properties":{"source":"IGN-SNIT","kind":"land"},"geometry":{"type":"Polygon","coordinates":[[[-83.903,9.973],[-83.887,9.969],[-83.923,9.951],[-83.999,9.965],[-83.903,9.973]]]}},{"type":"Feature","properties":{"source":"IGN-SNIT","kind":"land"},"geometry":{"type":"Polygon","coordinates":[[[-84.045,9.974],[-84.025,9.967],[-84.066,9.955],[-84.045,9.974]]]}},{"type":"Feature","properties":{"source":"IGN-SNIT","kind":"land"},"geometry":{"type":"Polygon","coordinates":[[[-84.707,9.975],[-84.653,9.941],[-84.688,9.907],[-84.679,9.879],[-84.697,9.864],[-84.731,9.893],[-84.713,9.922],[-84.741,9.952],[-84.707,9.975]]]}},{"type":"Feature","properties":{"source":"IGN-SNIT","kind":"land"},"geometry":{"type":"Polygon","coordinates":[[[-83.551,9.982],[-83.537,9.936],[-83.6,9.916],[-83.575,9.944],[-83.612,9.954],[-83.602,9.982],[-83.551,9.982]]]}},{"type":"Feature","properties":{"source":"IGN-SNIT","kind":"land"},"geometry":{"type":"Polygon","coordinates":[[[-83.819,9.983],[-83.793,9.92],[-83.819,9.893],[-83.834,9.899],[-83.829,9.946],[-83.843,9.958],[-83.819,9.983]]]}},{"type":"Feature","properties":{"source":"IGN-SNIT","kind":"land"},"geometry":{"type":"Polygon","coordinates":[[[-84.01,9.983],[-83.948,9.966],[-84.023,9.967],[-84.01,9.983]]]}},{"type":"Feature","properties":{"source":"IGN-SNIT","kind":"land"},"geometry":{"type":"MultiPolygon","coordinates":[[[[-84.902,9.954],[-84.892,9.936],[-84.918,9.935],[-84.902,9.954]]],[[[-84.905,9.944],[-84.904,9.944],[-84.904,9.944],[-84.905,9.944]]],[[[-84.815,9.983],[-84.787,9.98],[-84.851,9.977],[-84.815,9.983]]],[[[-85.009,9.996],[-84.96,9.986],[-84.959,9.98],[-85.009,9.996]]],[[[-85.049,10.006],[-85.018,9.998],[-85.028,9.997],[-85.049,10.006]]],[[[-84.779,10.046],[-84.737,10.009],[-84.804,9.985],[-84.779,10.046]]]]}},{"type":"Feature","properties":{"source":"IGN-SNIT","kind":"land"},"geometry":{"type":"Polygon","coordinates":[[[-84.095,9.984],[-84.087,9.984],[-84.088,9.975],[-84.095,9.984]]]}},{"type":"Feature","properties":{"source":"IGN-SNIT","kind":"land"},"geometry":{"type":"Polygon","coordinates":[[[-84.022,9.985],[-84.013,9.977],[-84.034,9.967],[-84.022,9.985]]]}},{"type":"Feature","properties":{"source":"IGN-SNIT","kind":"land"},"geometry":{"type":"Polygon","coordinates":[[[-84.095,9.985],[-84.085,9.968],[-84.109,9.961],[-84.095,9.985]]]}},{"type":"Feature","properties":{"source":"IGN-SNIT","kind":"land"},"geometry":{"type":"Polygon","coordinates":[[[-83.605,9.982],[-83.636,9.949],[-83.625,9.982],[-83.605,9.982]]]}},{"type":"Feature","properties":{"source":"IGN-SNIT","kind":"land"},"geometry":{"type":"Polygon","coordinates":[[[-84.571,9.987],[-84.56,9.967],[-84.602,9.93],[-84.606,9.965],[-84.571,9.987]]]}},{"type":"Feature","properties":{"source":"IGN-SNIT","kind":"land"},"geometry":{"type":"Polygon","coordinates":[[[-84.35,9.988],[-84.356,9.938],[-84.4,9.931],[-84.396,9.967],[-84.375,9.961],[-84.35,9.988]]]}},{"type":"Feature","properties":{"source":"IGN-SNIT","kind":"land"},"geometry":{"type":"Polygon","coordinates":[[[-84.177,9.987],[-84.176,9.971],[-84.2,9.968],[-84.177,9.987]]]}},{"type":"Feature","properties":{"source":"IGN-SNIT","kind":"land"},"geometry":{"type":"Polygon","coordinates":[[[-84.067,9.988],[-84.063,9.979],[-84.089,9.971],[-84.067,9.988]]]}},{"type":"Feature","properties":{"source":"IGN-SNIT","kind":"land"},"geometry":{"type":"Polygon","coordinates":[[[-84.134,9.99],[-84.11,9.961],[-84.154,9.967],[-84.162,9.981],[-84.134,9.99]]]}},{"type":"Feature","properties":{"source":"IGN-SNIT","kind":"land"},"geometry":{"type":"Polygon","coordinates":[[[-84.199,9.991],[-84.2,9.968],[-84.183,9.972],[-84.261,9.932],[-84.255,9.955],[-84.199,9.991]]]}},{"type":"Feature","properties":{"source":"IGN-SNIT","kind":"land"},"geometry":{"type":"Polygon","coordinates":[[[-83.96,9.991],[-83.903,9.973],[-83.995,9.976],[-83.96,9.991]]]}},{"type":"Feature","properties":{"source":"IGN-SNIT","kind":"land"},"geometry":{"type":"Polygon","coordinates":[[[-84.453,9.992],[-84.442,9.976],[-84.382,9.985],[-84.396,9.968],[-84.445,9.959],[-84.461,9.921],[-84.453,9.992]]]}},{"type":"Feature","properties":{"source":"IGN-SNIT","kind":"land"},"geometry":{"type":"Polygon","coordinates":[[[-84.165,9.992],[-84.154,9.973],[-84.168,9.966],[-84.177,9.988],[-84.165,9.992]]]}},{"type":"Feature","properties":{"source":"IGN-SNIT","kind":"land"},"geometry":{"type":"Polygon","coordinates":[[[-84.026,9.992],[-84.035,9.968],[-84.052,9.973],[-84.026,9.992]]]}},{"type":"Feature","properties":{"source":"IGN-SNIT","kind":"land"},"geometry":{"type":"Polygon","coordinates":[[[-84.103,9.992],[-84.1,9.975],[-84.114,9.971],[-84.103,9.992]]]}},{"type":"Feature","properties":{"source":"IGN-SNIT","kind":"land"},"geometry":{"type":"Polygon","coordinates":[[[-84.476,10.081],[-84.492,10.014],[-84.552,9.993],[-84.563,10.029],[-84.572,10.019],[-84.609,10.046],[-84.565,10.041],[-84.523,10.072],[-84.476,10.081]]]}},{"type":"Feature","properties":{"source":"IGN-SNIT","kind":"land"},"geometry":{"type":"Polygon","coordinates":[[[-84.629,9.989],[-84.626,9.971],[-84.659,9.946],[-84.683,9.963],[-84.672,9.985],[-84.629,9.989]]]}},{"type":"Feature","properties":{"source":"IGN-SNIT","kind":"land"},"geometry":{"type":"Polygon","coordinates":[[[-84.732,9.995],[-84.721,9.992],[-84.738,9.959],[-84.768,9.991],[-84.732,9.995]]]}},{"type":"Feature","properties":{"source":"IGN-SNIT","kind":"land"},"geometry":{"type":"Polygon","coordinates":[[[-84.772,9.996],[-84.752,9.973],[-84.787,9.98],[-84.772,9.996]]]}},{"type":"Feature","properties":{"source":"IGN-SNIT","kind":"land"},"geometry":{"type":"Polygon","coordinates":[[[-84.346,9.997],[-84.375,9.961],[-84.396,9.967],[-84.346,9.997]]]}},{"type":"Feature","properties":{"source":"IGN-SNIT","kind":"land"},"geometry":{"type":"Polygon","coordinates":[[[-84.452,9.997],[-84.468,9.942],[-84.512,9.931],[-84.494,9.979],[-84.452,9.997]]]}},{"type":"Feature","properties":{"source":"IGN-SNIT","kind":"land"},"geometry":{"type":"Polygon","coordinates":[[[-84.069,9.997],[-84.066,9.988],[-84.095,9.985],[-84.069,9.997]]]}},{"type":"Feature","properties":{"source":"IGN-SNIT","kind":"land"},"geometry":{"type":"Polygon","coordinates":[[[-84.041,9.985],[-84.082,9.97],[-84.044,9.998],[-84.041,9.985]]]}},{"type":"Feature","properties":{"source":"IGN-SNIT","kind":"land"},"geometry":{"type":"Polygon","coordinates":[[[-84.216,9.999],[-84.208,9.988],[-84.259,9.952],[-84.262,9.931],[-84.31,9.923],[-84.295,9.954],[-84.216,9.999]]]}},{"type":"Feature","properties":{"source":"IGN-SNIT","kind":"land"},"geometry":{"type":"Polygon","coordinates":[[[-84.369,9.999],[-84.379,9.985],[-84.434,9.978],[-84.369,9.999]]]}},{"type":"Feature","properties":{"source":"IGN-SNIT","kind":"land"},"geometry":{"type":"Polygon","coordinates":[[[-84.146,9.999],[-84.112,9.991],[-84.114,9.971],[-84.123,9.99],[-84.162,9.982],[-84.146,9.999]]]}},{"type":"Feature","properties":{"source":"IGN-SNIT","kind":"land"},"geometry":{"type":"Polygon","coordinates":[[[-85.451,10],[-85.432,9.997],[-85.425,9.974],[-85.44,9.962],[-85.426,9.965],[-85.423,9.936],[-85.399,9.931],[-85.391,9.909],[-85.428,9.907],[-85.468,9.85],[-85.496,9.873],[-85.464,9.902],[-85.474,9.991],[-85.451,10]]]}},{"type":"Feature","properties":{"source":"IGN-SNIT","kind":"land"},"geometry":{"type":"Polygon","coordinates":[[[-84.171,10.004],[-84.149,9.999],[-84.165,9.99],[-84.171,10.004]]]}},{"type":"Feature","properties":{"source":"IGN-SNIT","kind":"land"},"geometry":{"type":"Polygon","coordinates":[[[-84.176,10.005],[-84.166,9.992],[-84.196,9.982],[-84.176,10.005]]]}},{"type":"Feature","properties":{"source":"IGN-SNIT","kind":"land"},"geometry":{"type":"Polygon","coordinates":[[[-84.046,10.005],[-84.063,9.98],[-84.069,9.998],[-84.046,10.005]]]}},{"type":"Feature","properties":{"source":"IGN-SNIT","kind":"land"},"geometry":{"type":"Polygon","coordinates":[[[-84.117,10.006],[-84.109,9.991],[-84.125,9.991],[-84.117,10.006]]]}},{"type":"Feature","properties":{"source":"IGN-SNIT","kind":"land"},"geometry":{"type":"Polygon","coordinates":[[[-84.228,10.007],[-84.213,9.998],[-84.278,9.963],[-84.228,10.007]]]}},{"type":"Feature","properties":{"source":"IGN-SNIT","kind":"land"},"geometry":{"type":"Polygon","coordinates":[[[-84.149,10.008],[-84.149,10],[-84.174,10.005],[-84.149,10.008]]]}},{"type":"Feature","properties":{"source":"IGN-SNIT","kind":"land"},"geometry":{"type":"Polygon","coordinates":[[[-84.073,10.006],[-84.095,9.985],[-84.109,9.993],[-84.073,10.006]]]}},{"type":"Feature","properties":{"source":"IGN-SNIT","kind":"land"},"geometry":{"type":"Polygon","coordinates":[[[-84.093,10.012],[-84.11,9.998],[-84.107,10.009],[-84.093,10.012]]]}},{"type":"Feature","properties":{"source":"IGN-SNIT","kind":"land"},"geometry":{"type":"Polygon","coordinates":[[[-84.427,10.012],[-84.404,9.994],[-84.45,9.98],[-84.455,10.007],[-84.427,10.012]]]}},{"type":"Feature","properties":{"source":"IGN-SNIT","kind":"land"},"geometry":{"type":"Polygon","coordinates":[[[-84.174,10.006],[-84.213,9.994],[-84.208,10.008],[-84.174,10.006]]]}},{"type":"Feature","properties":{"source":"IGN-SNIT","kind":"land"},"geometry":{"type":"Polygon","coordinates":[[[-84.026,9.992],[-84.035,9.99],[-84.023,10.014],[-84.026,9.992]]]}},{"type":"Feature","properties":{"source":"IGN-SNIT","kind":"land"},"geometry":{"type":"Polygon","coordinates":[[[-84.508,10.015],[-84.492,9.974],[-84.513,9.93],[-84.549,9.921],[-84.585,9.935],[-84.549,10],[-84.508,10.015]]]}},{"type":"Feature","properties":{"source":"IGN-SNIT","kind":"land"},"geometry":{"type":"Polygon","coordinates":[[[-84.274,10.016],[-84.26,10.004],[-84.275,9.972],[-84.349,9.964],[-84.339,10.001],[-84.274,10.016]]]}},{"type":"Feature","properties":{"source":"IGN-SNIT","kind":"land"},"geometry":{"type":"Polygon","coordinates":[[[-84.026,10.016],[-84.03,9.995],[-84.044,9.998],[-84.026,10.016]]]}},{"type":"Feature","properties":{"source":"IGN-SNIT","kind":"land"},"geometry":{"type":"Polygon","coordinates":[[[-84.117,10.006],[-84.149,10],[-84.127,10.016],[-84.117,10.006]]]}},{"type":"Feature","properties":{"source":"IGN-SNIT","kind":"land"},"geometry":{"type":"Polygon","coordinates":[[[-83.813,10.015],[-83.76,9.948],[-83.778,9.942],[-83.767,9.921],[-83.785,9.892],[-83.808,9.976],[-83.829,9.979],[-83.813,10.015]]]}},{"type":"Feature","properties":{"source":"IGN-SNIT","kind":"land"},"geometry":{"type":"Polygon","coordinates":[[[-84.659,10.013],[-84.653,9.988],[-84.68,9.964],[-84.718,9.97],[-84.693,10.003],[-84.659,10.013]]]}},{"type":"Feature","properties":{"source":"IGN-SNIT","kind":"land"},"geometry":{"type":"MultiPolygon","coordinates":[[[[-85.042,9.981],[-85.08,9.984],[-85.071,9.995],[-85.042,9.981]]],[[[-85.076,9.984],[-85.076,9.984],[-85.076,9.984],[-85.076,9.984]]],[[[-85.076,9.984],[-85.076,9.984],[-85.076,9.984],[-85.076,9.984]]],[[[-85.075,9.985],[-85.074,9.985],[-85.075,9.985],[-85.075,9.985]]],[[[-85.075,9.981],[-85.074,9.982],[-85.074,9.981],[-85.075,9.981]]],[[[-85.073,9.981],[-85.073,9.981],[-85.072,9.981],[-85.073,9.981]]],[[[-85.069,9.98],[-85.069,9.98],[-85.069,9.98],[-85.069,9.98]]],[[[-85.07,9.98],[-85.073,9.98],[-85.071,9.981],[-85.07,9.98]]],[[[-85.066,9.979],[-85.066,9.98],[-85.066,9.979],[-85.066,9.979]]],[[[-85.062,9.979],[-85.062,9.979],[-85.061,9.979],[-85.062,9.979]]],[[[-85.064,9.979],[-85.065,9.979],[-85.063,9.98],[-85.064,9.979]]],[[[-85.073,9.978],[-85.074,9.979],[-85.07,9.979],[-85.073,9.978]]],[[[-85.061,9.975],[-85.062,9.976],[-85.061,9.975],[-85.061,9.975],[-85.061,9.975]]],[[[-85.071,9.975],[-85.072,9.976],[-85.07,9.978],[-85.069,9.975],[-85.071,9.975]]],[[[-85.075,9.975],[-85.077,9.976],[-85.075,9.976],[-85.075,9.975],[-85.075,9.975]]],[[[-85.08,9.969],[-85.08,9.97],[-85.08,9.97],[-85.08,9.969]]],[[[-85.108,9.758],[-85.139,9.786],[-85.137,9.812],[-85.164,9.814],[-85.189,9.781],[-85.176,9.855],[-85.198,9.861],[-85.217,9.902],[-85.28,9.922],[-85.269,9.964],[-85.186,9.971],[-85.163,9.988],[-85.161,10.016],[-85.119,9.991],[-85.118,9.974],[-85.075,9.975],[-85.075,9.975],[-85.075,9.975],[-85.071,9.975],[-85.068,9.972],[-85.069,9.975],[-85.061,9.975],[-85.061,9.975],[-85.061,9.975],[-85.052,9.976],[-84.986,9.937],[-85.042,9.873],[-85.033,9.844],[-85.085,9.825],[-85.108,9.758]]],[[[-85.082,9.967],[-85.081,9.968],[-85.081,9.969],[-85.082,9.967]]],[[[-85.071,9.968],[-85.07,9.971],[-85.072,9.97],[-85.071,9.968]]],[[[-85.068,9.968],[-85.067,9.969],[-85.068,9.969],[-85.068,9.968]]],[[[-85.069,9.969],[-85.068,9.969],[-85.069,9.969],[-85.069,9.969]]],[[[-85.08,9.968],[-85.079,9.97],[-85.08,9.97],[-85.08,9.972],[-85.081,9.97],[-85.08,9.97],[-85.081,9.97],[-85.08,9.968]]],[[[-85.078,9.97],[-85.078,9.97],[-85.078,9.97],[-85.078,9.97]]],[[[-85.078,9.97],[-85.078,9.971],[-85.078,9.971],[-85.078,9.97]]],[[[-85.072,9.971],[-85.072,9.971],[-85.072,9.971],[-85.072,9.971]]],[[[-85.078,9.971],[-85.078,9.972],[-85.078,9.971],[-85.078,9.971]]],[[[-85.081,9.97],[-85.081,9.971],[-85.081,9.97],[-85.081,9.97]]],[[[-85.081,9.971],[-85.081,9.971],[-85.081,9.971],[-85.081,9.971]]],[[[-85.081,9.972],[-85.08,9.973],[-85.08,9.973],[-85.081,9.972]]],[[[-85.062,9.973],[-85.061,9.974],[-85.062,9.973],[-85.062,9.973]]],[[[-85.064,9.974],[-85.062,9.974],[-85.062,9.975],[-85.064,9.974]]]]}},{"type":"Feature","properties":{"source":"IGN-SNIT","kind":"land"},"geometry":{"type":"Polygon","coordinates":[[[-84.105,10.019],[-84.104,10.009],[-84.117,10.006],[-84.105,10.019]]]}},{"type":"Feature","properties":{"source":"IGN-SNIT","kind":"land"},"geometry":{"type":"Polygon","coordinates":[[[-85.324,10.017],[-85.298,10.015],[-85.285,9.983],[-85.311,9.926],[-85.417,9.854],[-85.453,9.862],[-85.424,9.911],[-85.371,9.911],[-85.338,9.938],[-85.361,9.965],[-85.352,9.997],[-85.377,10.001],[-85.324,10.017]]]}},{"type":"Feature","properties":{"source":"IGN-SNIT","kind":"land"},"geometry":{"type":"Polygon","coordinates":[[[-85.384,10.017],[-85.352,9.997],[-85.361,9.965],[-85.338,9.939],[-85.376,9.91],[-85.44,9.962],[-85.425,9.974],[-85.431,10.012],[-85.401,10],[-85.384,10.017]]]}},{"type":"Feature","properties":{"source":"IGN-SNIT","kind":"land"},"geometry":{"type":"Polygon","coordinates":[[[-84.147,10.021],[-84.146,10.009],[-84.164,10.012],[-84.147,10.021]]]}},{"type":"Feature","properties":{"source":"IGN-SNIT","kind":"land"},"geometry":{"type":"Polygon","coordinates":[[[-84.13,10.021],[-84.143,10.01],[-84.145,10.02],[-84.13,10.021]]]}},{"type":"Feature","properties":{"source":"IGN-SNIT","kind":"land"},"geometry":{"type":"Polygon","coordinates":[[[-84.099,10.022],[-84.093,10.012],[-84.104,10.009],[-84.099,10.022]]]}},{"type":"Feature","properties":{"source":"IGN-SNIT","kind":"land"},"geometry":{"type":"Polygon","coordinates":[[[-84.076,9.998],[-84.059,10.024],[-84.056,10.004],[-84.076,9.998]]]}},{"type":"Feature","properties":{"source":"IGN-SNIT","kind":"land"},"geometry":{"type":"Polygon","coordinates":[[[-84.117,10.026],[-84.129,10.015],[-84.129,10.021],[-84.117,10.026]]]}},{"type":"Feature","properties":{"source":"IGN-SNIT","kind":"land"},"geometry":{"type":"Polygon","coordinates":[[[-85.24,10.024],[-85.245,10.004],[-85.217,9.972],[-85.293,9.966],[-85.291,10.003],[-85.24,10.024]]]}},{"type":"Feature","properties":{"source":"IGN-SNIT","kind":"land"},"geometry":{"type":"Polygon","coordinates":[[[-84.051,10.021],[-84.046,10.005],[-84.061,9.999],[-84.051,10.021]]]}},{"type":"Feature","properties":{"source":"IGN-SNIT","kind":"land"},"geometry":{"type":"Polygon","coordinates":[[[-84.563,10.029],[-84.554,9.986],[-84.59,9.979],[-84.641,9.94],[-84.66,9.947],[-84.626,9.971],[-84.625,9.993],[-84.6,9.993],[-84.563,10.029]]]}},{"type":"Feature","properties":{"source":"IGN-SNIT","kind":"land"},"geometry":{"type":"Polygon","coordinates":[[[-84.226,10.033],[-84.225,10.01],[-84.271,9.975],[-84.264,10.016],[-84.226,10.033]]]}},{"type":"Feature","properties":{"source":"IGN-SNIT","kind":"land"},"geometry":{"type":"Polygon","coordinates":[[[-84.142,10.033],[-84.174,10.006],[-84.162,10.03],[-84.142,10.033]]]}},{"type":"Feature","properties":{"source":"IGN-SNIT","kind":"land"},"geometry":{"type":"Polygon","coordinates":[[[-84.442,10.036],[-84.43,10.013],[-84.469,10.016],[-84.442,10.036]]]}},{"type":"Feature","properties":{"source":"IGN-SNIT","kind":"land"},"geometry":{"type":"Polygon","coordinates":[[[-84.391,10.039],[-84.366,10.034],[-84.352,9.996],[-84.387,9.993],[-84.391,10.039]]]}},{"type":"Feature","properties":{"source":"IGN-SNIT","kind":"land"},"geometry":{"type":"Polygon","coordinates":[[[-84.392,10.039],[-84.387,9.992],[-84.43,10.013],[-84.392,10.039]]]}},{"type":"Feature","properties":{"source":"IGN-SNIT","kind":"land"},"geometry":{"type":"Polygon","coordinates":[[[-84.416,10.039],[-84.405,10.034],[-84.431,10.013],[-84.434,10.034],[-84.416,10.039]]]}},{"type":"Feature","properties":{"source":"IGN-SNIT","kind":"land"},"geometry":{"type":"Polygon","coordinates":[[[-84.108,10.041],[-84.105,10.019],[-84.119,10.011],[-84.108,10.041]]]}},{"type":"Feature","properties":{"source":"IGN-SNIT","kind":"land"},"geometry":{"type":"Polygon","coordinates":[[[-83.708,10.041],[-83.625,9.999],[-83.615,9.983],[-83.641,9.956],[-83.636,9.934],[-83.705,9.978],[-83.69,10.021],[-83.728,10.037],[-83.708,10.041]]]}},{"type":"Feature","properties":{"source":"IGN-SNIT","kind":"land"},"geometry":{"type":"Polygon","coordinates":[[[-84.695,10.042],[-84.662,10.021],[-84.735,9.961],[-84.723,9.994],[-84.762,9.995],[-84.706,10.021],[-84.695,10.042]]]}},{"type":"Feature","properties":{"source":"IGN-SNIT","kind":"land"},"geometry":{"type":"Polygon","coordinates":[[[-84.168,10.044],[-84.162,10.03],[-84.174,10.014],[-84.168,10.044]]]}},{"type":"Feature","properties":{"source":"IGN-SNIT","kind":"land"},"geometry":{"type":"Polygon","coordinates":[[[-84.155,10.045],[-84.154,10.031],[-84.162,10.03],[-84.155,10.045]]]}},{"type":"Feature","properties":{"source":"IGN-SNIT","kind":"land"},"geometry":{"type":"Polygon","coordinates":[[[-84.617,10.047],[-84.572,10.019],[-84.6,9.993],[-84.653,9.988],[-84.657,10.017],[-84.638,10.016],[-84.617,10.047]]]}},{"type":"Feature","properties":{"source":"IGN-SNIT","kind":"land"},"geometry":{"type":"Polygon","coordinates":[[[-84.179,10.053],[-84.209,10.003],[-84.229,10.007],[-84.179,10.053]]]}},{"type":"Feature","properties":{"source":"IGN-SNIT","kind":"land"},"geometry":{"type":"Polygon","coordinates":[[[-84.428,10.052],[-84.413,10.038],[-84.47,10.016],[-84.46,10.043],[-84.428,10.052]]]}},{"type":"Feature","properties":{"source":"IGN-SNIT","kind":"land"},"geometry":{"type":"Polygon","coordinates":[[[-84.232,10.053],[-84.227,10.032],[-84.31,10.003],[-84.232,10.053]]]}},{"type":"Feature","properties":{"source":"IGN-SNIT","kind":"land"},"geometry":{"type":"Polygon","coordinates":[[[-84.251,10.059],[-84.267,10.026],[-84.3,10.015],[-84.277,10.054],[-84.251,10.059]]]}},{"type":"Feature","properties":{"source":"IGN-SNIT","kind":"land"},"geometry":{"type":"Polygon","coordinates":[[[-84.011,10.029],[-84.046,10.005],[-84.029,10.06],[-84.011,10.029]]]}},{"type":"Feature","properties":{"source":"IGN-SNIT","kind":"land"},"geometry":{"type":"Polygon","coordinates":[[[-84.168,10.061],[-84.174,10.014],[-84.202,10.003],[-84.168,10.061]]]}},{"type":"Feature","properties":{"source":"IGN-SNIT","kind":"land"},"geometry":{"type":"Polygon","coordinates":[[[-85.593,10.058],[-85.566,9.981],[-85.589,9.958],[-85.597,9.912],[-85.667,9.902],[-85.663,9.93],[-85.697,9.987],[-85.671,9.984],[-85.662,10.012],[-85.636,10.016],[-85.624,10.055],[-85.593,10.058]]]}},{"type":"Feature","properties":{"source":"IGN-SNIT","kind":"land"},"geometry":{"type":"Polygon","coordinates":[[[-84.428,10.063],[-84.429,10.052],[-84.437,10.048],[-84.428,10.063]]]}},{"type":"Feature","properties":{"source":"IGN-SNIT","kind":"land"},"geometry":{"type":"Polygon","coordinates":[[[-84.322,10.063],[-84.305,10.059],[-84.306,10.039],[-84.351,9.996],[-84.358,10.036],[-84.322,10.063]]]}},{"type":"Feature","properties":{"source":"IGN-SNIT","kind":"land"},"geometry":{"type":"Polygon","coordinates":[[[-84.044,10.063],[-84.025,10.04],[-84.051,10.021],[-84.044,10.063]]]}},{"type":"Feature","properties":{"source":"IGN-SNIT","kind":"land"},"geometry":{"type":"Polygon","coordinates":[[[-83.159,10.063],[-83.095,9.999],[-83.102,9.94],[-83.198,9.897],[-83.204,9.967],[-83.188,9.982],[-83.211,10.016],[-83.151,10.04],[-83.159,10.063]]]}},{"type":"Feature","properties":{"source":"IGN-SNIT","kind":"land"},"geometry":{"type":"Polygon","coordinates":[[[-84.003,10.002],[-84.025,9.991],[-84.01,10.037],[-84.028,10.061],[-83.975,10.067],[-84.003,10.002]]]}},{"type":"Feature","properties":{"source":"IGN-SNIT","kind":"land"},"geometry":{"type":"Polygon","coordinates":[[[-85.496,10.063],[-85.463,10.044],[-85.474,9.983],[-85.463,9.945],[-85.563,9.935],[-85.57,9.963],[-85.589,9.958],[-85.556,9.988],[-85.563,10.008],[-85.537,10.014],[-85.548,10.046],[-85.496,10.063]]]}},{"type":"Feature","properties":{"source":"IGN-SNIT","kind":"land"},"geometry":{"type":"Polygon","coordinates":[[[-84.122,10.067],[-84.122,10.034],[-84.145,10.021],[-84.122,10.067]]]}},{"type":"Feature","properties":{"source":"IGN-SNIT","kind":"land"},"geometry":{"type":"MultiPolygon","coordinates":[[[[-83.154,10.068],[-83.1,10.005],[-83.101,10.005],[-83.154,10.068]]],[[[-83.101,9.938],[-83.095,9.999],[-83.1,10.005],[-83.078,10],[-83.064,10.015],[-83.025,10.001],[-83.02,9.988],[-83.036,9.987],[-83.016,9.951],[-83.101,9.938]]]]}},{"type":"Feature","properties":{"source":"IGN-SNIT","kind":"land"},"geometry":{"type":"Polygon","coordinates":[[[-84.45,10.07],[-84.437,10.048],[-84.459,10.042],[-84.45,10.07]]]}},{"type":"Feature","properties":{"source":"IGN-SNIT","kind":"land"},"geometry":{"type":"Polygon","coordinates":[[[-85.388,10.067],[-85.324,10.036],[-85.327,10.006],[-85.377,10.004],[-85.388,10.067]]]}},{"type":"Feature","properties":{"source":"IGN-SNIT","kind":"land"},"geometry":{"type":"Polygon","coordinates":[[[-84.382,10.072],[-84.357,10.064],[-84.361,10.018],[-84.367,10.035],[-84.413,10.038],[-84.382,10.072]]]}},{"type":"Feature","properties":{"source":"IGN-SNIT","kind":"land"},"geometry":{"type":"Polygon","coordinates":[[[-84.414,10.074],[-84.415,10.041],[-84.429,10.064],[-84.414,10.074]]]}},{"type":"Feature","properties":{"source":"IGN-SNIT","kind":"land"},"geometry":{"type":"Polygon","coordinates":[[[-85.231,10.072],[-85.214,10.053],[-85.186,10.066],[-85.175,10.048],[-85.152,10.049],[-85.152,10.031],[-85.172,10.037],[-85.162,9.988],[-85.186,9.971],[-85.222,9.972],[-85.245,10.004],[-85.248,10.059],[-85.231,10.072]]]}},{"type":"Feature","properties":{"source":"IGN-SNIT","kind":"land"},"geometry":{"type":"Polygon","coordinates":[[[-85.247,10.077],[-85.234,10.076],[-85.248,10.059],[-85.238,10.043],[-85.254,10.015],[-85.291,10.003],[-85.325,10.018],[-85.326,10.069],[-85.268,10.057],[-85.247,10.077]]]}},{"type":"Feature","properties":{"source":"IGN-SNIT","kind":"land"},"geometry":{"type":"Polygon","coordinates":[[[-84.304,10.082],[-84.292,10.078],[-84.305,10.059],[-84.335,10.064],[-84.304,10.082]]]}},{"type":"Feature","properties":{"source":"IGN-SNIT","kind":"land"},"geometry":{"type":"Polygon","coordinates":[[[-84.091,10.073],[-84.117,10.027],[-84.145,10.02],[-84.091,10.073]]]}},{"type":"Feature","properties":{"source":"IGN-SNIT","kind":"land"},"geometry":{"type":"Polygon","coordinates":[[[-84.132,10.083],[-84.122,10.066],[-84.157,10.027],[-84.161,10.047],[-84.132,10.083]]]}},{"type":"Feature","properties":{"source":"IGN-SNIT","kind":"land"},"geometry":{"type":"Polygon","coordinates":[[[-84.069,10.083],[-84.045,10.067],[-84.045,10.041],[-84.09,10.007],[-84.069,10.083]]]}},{"type":"Feature","properties":{"source":"IGN-SNIT","kind":"land"},"geometry":{"type":"Polygon","coordinates":[[[-83.816,10.084],[-83.69,10.021],[-83.709,9.984],[-83.685,9.951],[-83.771,9.955],[-83.81,10],[-83.8,10.036],[-83.816,10.084]]]}},{"type":"Feature","properties":{"source":"IGN-SNIT","kind":"land"},"geometry":{"type":"Polygon","coordinates":[[[-84.462,10.082],[-84.47,10.016],[-84.452,9.997],[-84.494,9.979],[-84.481,10.075],[-84.462,10.082]]]}},{"type":"Feature","properties":{"source":"IGN-SNIT","kind":"land"},"geometry":{"type":"Polygon","coordinates":[[[-84.434,10.086],[-84.414,10.074],[-84.438,10.055],[-84.45,10.07],[-84.434,10.086]]]}},{"type":"Feature","properties":{"source":"IGN-SNIT","kind":"land"},"geometry":{"type":"Polygon","coordinates":[[[-84.388,10.089],[-84.357,10.064],[-84.384,10.071],[-84.413,10.038],[-84.426,10.082],[-84.388,10.089]]]}},{"type":"Feature","properties":{"source":"IGN-SNIT","kind":"land"},"geometry":{"type":"Polygon","coordinates":[[[-84.703,10.091],[-84.681,10.091],[-84.666,10.054],[-84.737,10.009],[-84.763,10.027],[-84.774,10.067],[-84.724,10.068],[-84.703,10.091]]]}},{"type":"Feature","properties":{"source":"IGN-SNIT","kind":"land"},"geometry":{"type":"Polygon","coordinates":[[[-84.472,10.092],[-84.465,10.082],[-84.476,10.083],[-84.472,10.092]]]}},{"type":"Feature","properties":{"source":"IGN-SNIT","kind":"land"},"geometry":{"type":"Polygon","coordinates":[[[-84.131,10.083],[-84.171,10.044],[-84.168,10.061],[-84.131,10.083]]]}},{"type":"Feature","properties":{"source":"IGN-SNIT","kind":"land"},"geometry":{"type":"Polygon","coordinates":[[[-84.332,10.101],[-84.33,10.082],[-84.358,10.048],[-84.332,10.101]]]}},{"type":"Feature","properties":{"source":"IGN-SNIT","kind":"land"},"geometry":{"type":"Polygon","coordinates":[[[-85.427,10.076],[-85.401,10.075],[-85.402,10.097],[-85.385,10.086],[-85.387,10.009],[-85.402,10],[-85.424,10.016],[-85.432,9.997],[-85.469,9.996],[-85.452,10.08],[-85.437,10.092],[-85.427,10.076]]]}},{"type":"Feature","properties":{"source":"IGN-SNIT","kind":"land"},"geometry":{"type":"Polygon","coordinates":[[[-84.805,10.105],[-84.778,10.065],[-84.797,9.99],[-84.834,9.986],[-84.896,10.019],[-84.866,10.039],[-84.874,10.103],[-84.836,10.087],[-84.805,10.105]]]}},{"type":"Feature","properties":{"source":"IGN-SNIT","kind":"land"},"geometry":{"type":"Polygon","coordinates":[[[-84.446,10.101],[-84.434,10.086],[-84.453,10.06],[-84.466,10.092],[-84.446,10.101]]]}},{"type":"Feature","properties":{"source":"IGN-SNIT","kind":"land"},"geometry":{"type":"Polygon","coordinates":[[[-83.547,10.096],[-83.549,10.083],[-83.57,10.088],[-83.608,10.032],[-83.59,9.995],[-83.602,9.982],[-83.725,10.04],[-83.621,10.083],[-83.597,10.078],[-83.563,10.112],[-83.547,10.096]]]}},{"type":"Feature","properties":{"source":"IGN-SNIT","kind":"land"},"geometry":{"type":"Polygon","coordinates":[[[-84.502,10.112],[-84.476,10.083],[-84.529,10.067],[-84.521,10.103],[-84.502,10.112]]]}},{"type":"Feature","properties":{"source":"IGN-SNIT","kind":"land"},"geometry":{"type":"Polygon","coordinates":[[[-84.43,10.112],[-84.407,10.085],[-84.434,10.086],[-84.444,10.102],[-84.43,10.112]]]}},{"type":"Feature","properties":{"source":"IGN-SNIT","kind":"land"},"geometry":{"type":"Polygon","coordinates":[[[-84.221,10.115],[-84.247,10.055],[-84.278,10.053],[-84.221,10.115]]]}},{"type":"Feature","properties":{"source":"IGN-SNIT","kind":"land"},"geometry":{"type":"Polygon","coordinates":[[[-84.465,10.12],[-84.453,10.102],[-84.472,10.092],[-84.465,10.12]]]}},{"type":"Feature","properties":{"source":"IGN-SNIT","kind":"land"},"geometry":{"type":"Polygon","coordinates":[[[-84.093,10.065],[-84.083,10.121],[-84.069,10.055],[-84.105,10.02],[-84.093,10.065]]]}},{"type":"Feature","properties":{"source":"IGN-SNIT","kind":"land"},"geometry":{"type":"Polygon","coordinates":[[[-84.161,10.123],[-84.168,10.061],[-84.187,10.053],[-84.18,10.107],[-84.161,10.123]]]}},{"type":"Feature","properties":{"source":"IGN-SNIT","kind":"land"},"geometry":{"type":"Polygon","coordinates":[[[-83.231,10.125],[-83.218,10.107],[-83.217,10.123],[-83.189,10.117],[-83.15,10.042],[-83.211,10.016],[-83.188,9.982],[-83.204,9.967],[-83.196,9.932],[-83.213,9.886],[-83.228,9.889],[-83.208,9.9],[-83.227,9.914],[-83.24,9.966],[-83.291,9.976],[-83.299,9.992],[-83.298,10.072],[-83.251,10.089],[-83.231,10.125]]]}},{"type":"Feature","properties":{"source":"IGN-SNIT","kind":"land"},"geometry":{"type":"Polygon","coordinates":[[[-84.683,10.128],[-84.664,10.122],[-84.618,10.045],[-84.638,10.016],[-84.665,10.016],[-84.663,10.032],[-84.693,10.04],[-84.665,10.058],[-84.683,10.128]]]}},{"type":"Feature","properties":{"source":"IGN-SNIT","kind":"land"},"geometry":{"type":"Polygon","coordinates":[[[-85.169,10.127],[-85.105,10.108],[-85.124,10.096],[-85.096,10.089],[-85.142,10.073],[-85.181,10.082],[-85.198,10.114],[-85.169,10.127]]]}},{"type":"Feature","properties":{"source":"IGN-SNIT","kind":"land"},"geometry":{"type":"Polygon","coordinates":[[[-84.416,10.13],[-84.388,10.108],[-84.437,10.112],[-84.416,10.13]]]}},{"type":"Feature","properties":{"source":"IGN-SNIT","kind":"land"},"geometry":{"type":"Polygon","coordinates":[[[-84.384,10.118],[-84.359,10.069],[-84.421,10.101],[-84.416,10.118],[-84.388,10.108],[-84.39,10.132],[-84.384,10.118]]]}},{"type":"Feature","properties":{"source":"IGN-SNIT","kind":"land"},"geometry":{"type":"Polygon","coordinates":[[[-84.24,10.136],[-84.25,10.084],[-84.274,10.062],[-84.27,10.105],[-84.24,10.136]]]}},{"type":"Feature","properties":{"source":"IGN-SNIT","kind":"land"},"geometry":{"type":"Polygon","coordinates":[[[-84.129,10.135],[-84.087,10.12],[-84.086,10.085],[-84.122,10.036],[-84.129,10.135]]]}},{"type":"Feature","properties":{"source":"IGN-SNIT","kind":"land"},"geometry":{"type":"Polygon","coordinates":[[[-84.278,10.055],[-84.311,9.999],[-84.344,9.994],[-84.3,10.068],[-84.278,10.055]]]}},{"type":"Feature","properties":{"source":"IGN-SNIT","kind":"land"},"geometry":{"type":"Polygon","coordinates":[[[-85.722,10.141],[-85.67,10.123],[-85.631,10.14],[-85.644,10.111],[-85.617,10.103],[-85.6,10.068],[-85.672,9.983],[-85.744,10.03],[-85.795,10.11],[-85.79,10.131],[-85.76,10.121],[-85.722,10.141]]]}},{"type":"Feature","properties":{"source":"IGN-SNIT","kind":"land"},"geometry":{"type":"Polygon","coordinates":[[[-83.947,10.147],[-83.931,10.083],[-83.875,10.034],[-83.86,9.971],[-83.93,9.99],[-84.005,9.983],[-83.97,10.018],[-83.947,10.147]]]}},{"type":"Feature","properties":{"source":"IGN-SNIT","kind":"land"},"geometry":{"type":"Polygon","coordinates":[[[-83.816,10.084],[-83.8,10.036],[-83.843,9.961],[-83.83,9.912],[-83.852,9.905],[-83.866,9.915],[-83.854,9.961],[-83.875,10.034],[-83.931,10.083],[-83.947,10.148],[-83.816,10.084]]]}},{"type":"Feature","properties":{"source":"IGN-SNIT","kind":"land"},"geometry":{"type":"Polygon","coordinates":[[[-84.434,10.153],[-84.415,10.13],[-84.446,10.101],[-84.434,10.153]]]}},{"type":"Feature","properties":{"source":"IGN-SNIT","kind":"land"},"geometry":{"type":"Polygon","coordinates":[[[-84.34,10.154],[-84.334,10.133],[-84.36,10.082],[-84.34,10.154]]]}},{"type":"Feature","properties":{"source":"IGN-SNIT","kind":"land"},"geometry":{"type":"Polygon","coordinates":[[[-84.587,10.154],[-84.507,10.119],[-84.53,10.06],[-84.565,10.041],[-84.597,10.054],[-84.618,10.044],[-84.631,10.068],[-84.628,10.109],[-84.587,10.154]]]}},{"type":"Feature","properties":{"source":"IGN-SNIT","kind":"land"},"geometry":{"type":"Polygon","coordinates":[[[-84.161,10.158],[-84.131,10.137],[-84.131,10.093],[-84.167,10.061],[-84.161,10.158]]]}},{"type":"Feature","properties":{"source":"IGN-SNIT","kind":"land"},"geometry":{"type":"Polygon","coordinates":[[[-84.163,10.159],[-84.187,10.053],[-84.216,10.022],[-84.231,10.047],[-84.197,10.093],[-84.185,10.147],[-84.163,10.159]]]}},{"type":"Feature","properties":{"source":"IGN-SNIT","kind":"land"},"geometry":{"type":"Polygon","coordinates":[[[-83.601,10.162],[-83.555,10.12],[-83.613,10.073],[-83.601,10.162]]]}},{"type":"Feature","properties":{"source":"IGN-SNIT","kind":"land"},"geometry":{"type":"Polygon","coordinates":[[[-84.335,10.173],[-84.363,10.084],[-84.361,10.132],[-84.335,10.173]]]}},{"type":"Feature","properties":{"source":"IGN-SNIT","kind":"land"},"geometry":{"type":"Polygon","coordinates":[[[-83.238,10.173],[-83.191,10.118],[-83.218,10.122],[-83.216,10.106],[-83.232,10.125],[-83.251,10.089],[-83.298,10.072],[-83.299,9.99],[-83.24,9.966],[-83.208,9.898],[-83.241,9.879],[-83.243,9.828],[-83.303,9.798],[-83.333,9.822],[-83.353,9.936],[-83.312,9.982],[-83.381,9.982],[-83.388,10.02],[-83.37,10.066],[-83.328,10.053],[-83.319,10.085],[-83.238,10.173]]]}},{"type":"Feature","properties":{"source":"IGN-SNIT","kind":"land"},"geometry":{"type":"Polygon","coordinates":[[[-84.385,10.167],[-84.392,10.126],[-84.414,10.129],[-84.432,10.169],[-84.385,10.167]]]}},{"type":"Feature","properties":{"source":"IGN-SNIT","kind":"land"},"geometry":{"type":"Polygon","coordinates":[[[-84.683,10.176],[-84.663,10.165],[-84.665,10.122],[-84.686,10.124],[-84.681,10.091],[-84.713,10.088],[-84.724,10.068],[-84.771,10.07],[-84.769,10.047],[-84.784,10.048],[-84.791,10.101],[-84.812,10.111],[-84.796,10.147],[-84.724,10.133],[-84.683,10.176]]]}},{"type":"Feature","properties":{"source":"IGN-SNIT","kind":"land"},"geometry":{"type":"Polygon","coordinates":[[[-84.865,10.149],[-84.869,10.034],[-84.897,10.022],[-84.969,10.064],[-84.959,10.078],[-84.984,10.105],[-84.954,10.096],[-84.954,10.124],[-84.92,10.111],[-84.929,10.159],[-84.907,10.176],[-84.865,10.149]]]}},{"type":"Feature","properties":{"source":"IGN-SNIT","kind":"land"},"geometry":{"type":"Polygon","coordinates":[[[-84.243,10.18],[-84.248,10.153],[-84.36,10.039],[-84.275,10.162],[-84.243,10.18]]]}},{"type":"Feature","properties":{"source":"IGN-SNIT","kind":"land"},"geometry":{"type":"Polygon","coordinates":[[[-84.237,10.185],[-84.247,10.138],[-84.292,10.078],[-84.313,10.079],[-84.237,10.185]]]}},{"type":"Feature","properties":{"source":"IGN-SNIT","kind":"land"},"geometry":{"type":"Polygon","coordinates":[[[-84.283,10.186],[-84.329,10.133],[-84.357,10.065],[-84.334,10.173],[-84.283,10.186]]]}},{"type":"Feature","properties":{"source":"IGN-SNIT","kind":"land"},"geometry":{"type":"Polygon","coordinates":[[[-84.561,10.187],[-84.509,10.16],[-84.472,10.092],[-84.53,10.141],[-84.568,10.138],[-84.595,10.157],[-84.599,10.17],[-84.561,10.187]]]}},{"type":"Feature","properties":{"source":"IGN-SNIT","kind":"land"},"geometry":{"type":"Polygon","coordinates":[[[-84.27,10.188],[-84.249,10.178],[-84.334,10.077],[-84.315,10.141],[-84.27,10.188]]]}},{"type":"Feature","properties":{"source":"IGN-SNIT","kind":"land"},"geometry":{"type":"Polygon","coordinates":[[[-84.271,10.189],[-84.315,10.141],[-84.33,10.085],[-84.329,10.133],[-84.271,10.189]]]}},{"type":"Feature","properties":{"source":"IGN-SNIT","kind":"land"},"geometry":{"type":"Polygon","coordinates":[[[-84.469,10.189],[-84.426,10.152],[-84.452,10.115],[-84.471,10.117],[-84.469,10.189]]]}},{"type":"Feature","properties":{"source":"IGN-SNIT","kind":"land"},"geometry":{"type":"Polygon","coordinates":[[[-83.947,10.148],[-83.97,10.018],[-84.017,9.98],[-83.975,10.067],[-84.028,10.061],[-84.028,10.083],[-83.98,10.103],[-83.972,10.17],[-83.928,10.191],[-83.947,10.148]]]}},{"type":"Feature","properties":{"source":"IGN-SNIT","kind":"land"},"geometry":{"type":"Polygon","coordinates":[[[-84.345,10.193],[-84.337,10.168],[-84.372,10.095],[-84.389,10.176],[-84.345,10.193]]]}},{"type":"Feature","properties":{"source":"IGN-SNIT","kind":"land"},"geometry":{"type":"Polygon","coordinates":[[[-84.161,10.158],[-84.185,10.147],[-84.212,10.067],[-84.256,10.039],[-84.197,10.133],[-84.224,10.185],[-84.187,10.18],[-84.161,10.197],[-84.161,10.158]]]}},{"type":"Feature","properties":{"source":"IGN-SNIT","kind":"land"},"geometry":{"type":"Polygon","coordinates":[[[-84.229,10.172],[-84.225,10.129],[-84.258,10.073],[-84.23,10.165],[-84.239,10.186],[-84.231,10.198],[-84.229,10.172]]]}},{"type":"Feature","properties":{"source":"IGN-SNIT","kind":"land"},"geometry":{"type":"Polygon","coordinates":[[[-84.229,10.194],[-84.196,10.142],[-84.219,10.101],[-84.232,10.113],[-84.229,10.194]]]}},{"type":"Feature","properties":{"source":"IGN-SNIT","kind":"land"},"geometry":{"type":"Polygon","coordinates":[[[-84.656,10.196],[-84.588,10.155],[-84.628,10.109],[-84.631,10.071],[-84.671,10.128],[-84.664,10.17],[-84.683,10.177],[-84.656,10.196]]]}},{"type":"Feature","properties":{"source":"IGN-SNIT","kind":"land"},"geometry":{"type":"Polygon","coordinates":[[[-85.027,10.2],[-84.954,10.124],[-84.954,10.096],[-85.003,10.103],[-85.047,10.14],[-85.079,10.138],[-85.067,10.168],[-85.028,10.159],[-85.04,10.19],[-85.027,10.2]]]}},{"type":"Feature","properties":{"source":"IGN-SNIT","kind":"land"},"geometry":{"type":"Polygon","coordinates":[[[-84.376,10.206],[-84.345,10.193],[-84.403,10.172],[-84.405,10.19],[-84.376,10.206]]]}},{"type":"Feature","properties":{"source":"IGN-SNIT","kind":"land"},"geometry":{"type":"Polygon","coordinates":[[[-85.335,10.203],[-85.314,10.187],[-85.309,10.14],[-85.243,10.135],[-85.241,10.106],[-85.195,10.083],[-85.189,10.055],[-85.217,10.054],[-85.235,10.076],[-85.268,10.057],[-85.317,10.074],[-85.33,10.036],[-85.39,10.067],[-85.385,10.086],[-85.417,10.104],[-85.413,10.144],[-85.371,10.15],[-85.357,10.193],[-85.335,10.203]]]}},{"type":"Feature","properties":{"source":"IGN-SNIT","kind":"land"},"geometry":{"type":"Polygon","coordinates":[[[-84.476,10.212],[-84.41,10.2],[-84.402,10.169],[-84.453,10.175],[-84.476,10.212]]]}},{"type":"Feature","properties":{"source":"IGN-SNIT","kind":"land"},"geometry":{"type":"Polygon","coordinates":[[[-83.557,10.215],[-83.556,10.159],[-83.523,10.157],[-83.555,10.123],[-83.601,10.163],[-83.557,10.215]]]}},{"type":"Feature","properties":{"source":"IGN-SNIT","kind":"land"},"geometry":{"type":"Polygon","coordinates":[[[-83.449,9.982],[-83.312,9.982],[-83.353,9.936],[-83.336,9.823],[-83.429,9.706],[-83.447,9.653],[-83.511,9.598],[-83.515,9.536],[-83.489,9.484],[-83.627,9.565],[-83.638,9.67],[-83.63,9.689],[-83.594,9.699],[-83.596,9.738],[-83.578,9.765],[-83.511,9.791],[-83.49,9.824],[-83.517,9.84],[-83.517,9.879],[-83.551,9.913],[-83.535,9.941],[-83.552,9.981],[-83.449,9.982]]]}},{"type":"Feature","properties":{"source":"IGN-SNIT","kind":"land"},"geometry":{"type":"Polygon","coordinates":[[[-84.407,10.226],[-84.379,10.226],[-84.385,10.214],[-84.436,10.217],[-84.407,10.226]]]}},{"type":"Feature","properties":{"source":"IGN-SNIT","kind":"land"},"geometry":{"type":"Polygon","coordinates":[[[-83.304,10.232],[-83.271,10.195],[-83.303,10.196],[-83.344,10.169],[-83.37,10.11],[-83.417,10.071],[-83.418,10.047],[-83.468,10.012],[-83.449,9.982],[-83.551,9.982],[-83.505,10.012],[-83.484,10.055],[-83.499,10.078],[-83.472,10.116],[-83.448,10.12],[-83.448,10.137],[-83.436,10.133],[-83.432,10.169],[-83.408,10.169],[-83.399,10.189],[-83.376,10.183],[-83.343,10.215],[-83.335,10.201],[-83.303,10.213],[-83.304,10.232]]]}},{"type":"Feature","properties":{"source":"IGN-SNIT","kind":"land"},"geometry":{"type":"Polygon","coordinates":[[[-83.583,10.237],[-83.591,10.19],[-83.652,10.125],[-83.666,10.08],[-83.725,10.04],[-83.725,10.078],[-83.676,10.121],[-83.658,10.188],[-83.583,10.237]]]}},{"type":"Feature","properties":{"source":"IGN-SNIT","kind":"land"},"geometry":{"type":"Polygon","coordinates":[[[-84.355,10.247],[-84.315,10.205],[-84.328,10.169],[-84.345,10.195],[-84.386,10.206],[-84.355,10.247]]]}},{"type":"Feature","properties":{"source":"IGN-SNIT","kind":"land"},"geometry":{"type":"Polygon","coordinates":[[[-83.561,10.248],[-83.546,10.226],[-83.613,10.147],[-83.623,10.075],[-83.725,10.04],[-83.666,10.08],[-83.652,10.125],[-83.591,10.19],[-83.582,10.243],[-83.561,10.248]]]}},{"type":"Feature","properties":{"source":"IGN-SNIT","kind":"land"},"geometry":{"type":"Polygon","coordinates":[[[-84.517,10.249],[-84.385,10.205],[-84.405,10.188],[-84.449,10.197],[-84.517,10.249]]]}},{"type":"Feature","properties":{"source":"IGN-SNIT","kind":"land"},"geometry":{"type":"Polygon","coordinates":[[[-85.25,10.25],[-85.24,10.137],[-85.298,10.134],[-85.315,10.148],[-85.314,10.188],[-85.354,10.235],[-85.25,10.25]]]}},{"type":"Feature","properties":{"source":"IGN-SNIT","kind":"land"},"geometry":{"type":"Polygon","coordinates":[[[-84.748,10.25],[-84.749,10.175],[-84.796,10.147],[-84.81,10.1],[-84.842,10.087],[-84.874,10.103],[-84.863,10.152],[-84.818,10.175],[-84.789,10.232],[-84.748,10.25]]]}},{"type":"Feature","properties":{"source":"IGN-SNIT","kind":"land"},"geometry":{"type":"Polygon","coordinates":[[[-84.416,10.264],[-84.359,10.256],[-84.358,10.24],[-84.418,10.224],[-84.4,10.244],[-84.416,10.264]]]}},{"type":"Feature","properties":{"source":"IGN-SNIT","kind":"land"},"geometry":{"type":"Polygon","coordinates":[[[-84.433,10.271],[-84.4,10.244],[-84.436,10.217],[-84.517,10.249],[-84.433,10.271]]]}},{"type":"Feature","properties":{"source":"IGN-SNIT","kind":"land"},"geometry":{"type":"Polygon","coordinates":[[[-84.691,10.274],[-84.682,10.227],[-84.748,10.176],[-84.748,10.255],[-84.691,10.274]]]}},{"type":"Feature","properties":{"source":"IGN-SNIT","kind":"land"},"geometry":{"type":"Polygon","coordinates":[[[-84.265,10.276],[-84.231,10.198],[-84.245,10.179],[-84.271,10.189],[-84.328,10.169],[-84.315,10.205],[-84.356,10.247],[-84.265,10.276]]]}},{"type":"Feature","properties":{"source":"IGN-SNIT","kind":"land"},"geometry":{"type":"Polygon","coordinates":[[[-84.773,10.281],[-84.76,10.247],[-84.789,10.232],[-84.818,10.175],[-84.865,10.149],[-84.907,10.176],[-84.875,10.189],[-84.89,10.218],[-84.872,10.244],[-84.773,10.281]]]}},{"type":"Feature","properties":{"source":"IGN-SNIT","kind":"land"},"geometry":{"type":"Polygon","coordinates":[[[-84.892,10.284],[-84.872,10.271],[-84.89,10.218],[-84.875,10.19],[-84.918,10.162],[-84.992,10.24],[-84.953,10.275],[-84.892,10.284]]]}},{"type":"Feature","properties":{"source":"IGN-SNIT","kind":"land"},"geometry":{"type":"Polygon","coordinates":[[[-85.127,10.282],[-85.059,10.263],[-85.026,10.215],[-85.041,10.192],[-85.028,10.159],[-85.067,10.168],[-85.075,10.143],[-85.099,10.174],[-85.144,10.16],[-85.225,10.192],[-85.127,10.282]]]}},{"type":"Feature","properties":{"source":"IGN-SNIT","kind":"land"},"geometry":{"type":"Polygon","coordinates":[[[-84.684,10.284],[-84.657,10.244],[-84.661,10.199],[-84.721,10.134],[-84.769,10.143],[-84.758,10.169],[-84.682,10.227],[-84.697,10.271],[-84.684,10.284]]]}},{"type":"Feature","properties":{"source":"IGN-SNIT","kind":"land"},"geometry":{"type":"Polygon","coordinates":[[[-83.444,10.291],[-83.411,10.283],[-83.453,10.245],[-83.472,10.249],[-83.506,10.14],[-83.547,10.096],[-83.563,10.112],[-83.523,10.157],[-83.556,10.159],[-83.553,10.223],[-83.504,10.232],[-83.485,10.252],[-83.488,10.282],[-83.444,10.291]]]}},{"type":"Feature","properties":{"source":"IGN-SNIT","kind":"land"},"geometry":{"type":"Polygon","coordinates":[[[-84.161,10.299],[-84.113,10.26],[-84.096,10.192],[-84.058,10.208],[-84.035,10.182],[-83.913,10.203],[-83.973,10.169],[-83.98,10.103],[-84.028,10.083],[-84.031,10.058],[-84.079,10.086],[-84.08,10.119],[-84.161,10.158],[-84.161,10.299]]]}},{"type":"Feature","properties":{"source":"IGN-SNIT","kind":"land"},"geometry":{"type":"Polygon","coordinates":[[[-83.688,10.3],[-83.667,10.29],[-83.727,10.244],[-83.774,10.064],[-83.816,10.084],[-83.776,10.223],[-83.714,10.295],[-83.688,10.3]]]}},{"type":"Feature","properties":{"source":"IGN-SNIT","kind":"land"},"geometry":{"type":"Polygon","coordinates":[[[-83.631,10.303],[-83.621,10.288],[-83.656,10.244],[-83.656,10.229],[-83.621,10.238],[-83.632,10.205],[-83.658,10.188],[-83.676,10.121],[-83.724,10.079],[-83.725,10.04],[-83.775,10.068],[-83.748,10.192],[-83.727,10.244],[-83.631,10.303]]]}},{"type":"Feature","properties":{"source":"IGN-SNIT","kind":"land"},"geometry":{"type":"Polygon","coordinates":[[[-83.517,10.307],[-83.47,10.289],[-83.488,10.281],[-83.481,10.262],[-83.504,10.232],[-83.546,10.226],[-83.568,10.248],[-83.632,10.205],[-83.621,10.238],[-83.656,10.229],[-83.647,10.27],[-83.618,10.28],[-83.6,10.267],[-83.57,10.299],[-83.529,10.294],[-83.517,10.307]]]}},{"type":"Feature","properties":{"source":"IGN-SNIT","kind":"land"},"geometry":{"type":"Polygon","coordinates":[[[-83.834,10.312],[-83.803,10.26],[-83.753,10.255],[-83.764,10.233],[-83.815,10.231],[-83.841,10.248],[-83.834,10.312]]]}},{"type":"Feature","properties":{"source":"IGN-SNIT","kind":"land"},"geometry":{"type":"Polygon","coordinates":[[[-84.477,10.315],[-84.433,10.271],[-84.517,10.249],[-84.477,10.315]]]}},{"type":"Feature","properties":{"source":"IGN-SNIT","kind":"land"},"geometry":{"type":"Polygon","coordinates":[[[-85.742,10.312],[-85.685,10.296],[-85.716,10.273],[-85.629,10.245],[-85.632,10.139],[-85.669,10.123],[-85.722,10.141],[-85.76,10.121],[-85.798,10.124],[-85.841,10.203],[-85.838,10.227],[-85.79,10.222],[-85.751,10.244],[-85.76,10.267],[-85.742,10.312]]]}},{"type":"Feature","properties":{"source":"IGN-SNIT","kind":"land"},"geometry":{"type":"Polygon","coordinates":[[[-83.335,10.29],[-83.279,10.221],[-83.304,10.232],[-83.302,10.213],[-83.335,10.201],[-83.344,10.214],[-83.378,10.182],[-83.448,10.194],[-83.49,10.174],[-83.498,10.193],[-83.472,10.249],[-83.453,10.245],[-83.398,10.304],[-83.343,10.29],[-83.357,10.316],[-83.335,10.29]]]}},{"type":"Feature","properties":{"source":"IGN-SNIT","kind":"land"},"geometry":{"type":"Polygon","coordinates":[[[-83.849,10.336],[-83.835,10.313],[-83.841,10.248],[-83.769,10.231],[-83.816,10.084],[-83.947,10.148],[-83.934,10.186],[-83.857,10.255],[-83.849,10.336]]]}},{"type":"Feature","properties":{"source":"IGN-SNIT","kind":"land"},"geometry":{"type":"Polygon","coordinates":[[[-84.827,10.337],[-84.794,10.323],[-84.771,10.28],[-84.872,10.244],[-84.827,10.337]]]}},{"type":"Feature","properties":{"source":"IGN-SNIT","kind":"land"},"geometry":{"type":"Polygon","coordinates":[[[-85.148,10.339],[-85.105,10.289],[-85.143,10.279],[-85.225,10.192],[-85.248,10.252],[-85.203,10.284],[-85.211,10.336],[-85.148,10.339]]]}},{"type":"Feature","properties":{"source":"IGN-SNIT","kind":"land"},"geometry":{"type":"Polygon","coordinates":[[[-85.516,10.345],[-85.485,10.292],[-85.5,10.234],[-85.526,10.222],[-85.547,10.228],[-85.555,10.288],[-85.533,10.344],[-85.516,10.345]]]}},{"type":"Feature","properties":{"source":"IGN-SNIT","kind":"land"},"geometry":{"type":"Polygon","coordinates":[[[-85.409,10.347],[-85.367,10.342],[-85.38,10.33],[-85.357,10.315],[-85.311,10.321],[-85.282,10.291],[-85.286,10.268],[-85.252,10.251],[-85.269,10.238],[-85.313,10.246],[-85.33,10.23],[-85.35,10.245],[-85.338,10.209],[-85.361,10.163],[-85.437,10.171],[-85.506,10.247],[-85.485,10.292],[-85.499,10.334],[-85.448,10.324],[-85.409,10.347]]]}},{"type":"Feature","properties":{"source":"IGN-SNIT","kind":"land"},"geometry":{"type":"Polygon","coordinates":[[[-83.596,10.366],[-83.573,10.346],[-83.565,10.294],[-83.6,10.267],[-83.631,10.273],[-83.624,10.302],[-83.667,10.29],[-83.667,10.353],[-83.596,10.366]]]}},{"type":"Feature","properties":{"source":"IGN-SNIT","kind":"land"},"geometry":{"type":"Polygon","coordinates":[[[-84.948,10.366],[-84.959,10.3],[-84.94,10.296],[-84.941,10.273],[-84.992,10.24],[-84.922,10.17],[-84.933,10.154],[-84.921,10.111],[-85.003,10.16],[-85.027,10.2],[-85.041,10.19],[-85.026,10.215],[-85.059,10.263],[-85.128,10.283],[-85.066,10.286],[-85.038,10.33],[-84.948,10.366]]]}},{"type":"Feature","properties":{"source":"IGN-SNIT","kind":"land"},"geometry":{"type":"Polygon","coordinates":[[[-85.5,10.233],[-85.437,10.171],[-85.362,10.163],[-85.385,10.141],[-85.413,10.144],[-85.417,10.104],[-85.399,10.102],[-85.444,10.089],[-85.463,10.044],[-85.496,10.063],[-85.546,10.049],[-85.536,10.015],[-85.563,10.008],[-85.567,9.978],[-85.589,10.014],[-85.584,10.049],[-85.608,10.06],[-85.59,10.082],[-85.598,10.119],[-85.537,10.181],[-85.525,10.226],[-85.5,10.233]]]}},{"type":"Feature","properties":{"source":"IGN-SNIT","kind":"land"},"geometry":{"type":"Polygon","coordinates":[[[-85.777,10.364],[-85.743,10.325],[-85.751,10.244],[-85.79,10.222],[-85.838,10.227],[-85.855,10.293],[-85.777,10.364]]]}},{"type":"Feature","properties":{"source":"IGN-SNIT","kind":"land"},"geometry":{"type":"Polygon","coordinates":[[[-85.423,10.37],[-85.406,10.35],[-85.427,10.328],[-85.513,10.333],[-85.466,10.367],[-85.423,10.37]]]}},{"type":"Feature","properties":{"source":"IGN-SNIT","kind":"land"},"geometry":{"type":"Polygon","coordinates":[[[-84.517,10.236],[-84.599,10.17],[-84.662,10.199],[-84.657,10.242],[-84.677,10.282],[-84.733,10.25],[-84.766,10.265],[-84.758,10.294],[-84.641,10.36],[-84.629,10.314],[-84.602,10.309],[-84.529,10.374],[-84.517,10.236]]]}},{"type":"Feature","properties":{"source":"IGN-SNIT","kind":"land"},"geometry":{"type":"Polygon","coordinates":[[[-84.919,10.389],[-84.885,10.355],[-84.828,10.342],[-84.871,10.264],[-84.888,10.284],[-84.941,10.273],[-84.94,10.296],[-84.959,10.3],[-84.948,10.366],[-84.919,10.389]]]}},{"type":"Feature","properties":{"source":"IGN-SNIT","kind":"land"},"geometry":{"type":"Polygon","coordinates":[[[-84.554,10.4],[-84.535,10.357],[-84.596,10.311],[-84.629,10.314],[-84.631,10.363],[-84.577,10.371],[-84.554,10.4]]]}},{"type":"Feature","properties":{"source":"IGN-SNIT","kind":"land"},"geometry":{"type":"Polygon","coordinates":[[[-85.038,10.401],[-85.018,10.367],[-84.951,10.362],[-85.038,10.33],[-85.066,10.286],[-85.105,10.287],[-85.15,10.345],[-85.038,10.401]]]}},{"type":"Feature","properties":{"source":"IGN-SNIT","kind":"land"},"geometry":{"type":"Polygon","coordinates":[[[-84.162,10.414],[-84.161,10.197],[-84.22,10.181],[-84.242,10.242],[-84.201,10.277],[-84.162,10.414]]]}},{"type":"Feature","properties":{"source":"IGN-SNIT","kind":"land"},"geometry":{"type":"Polygon","coordinates":[[[-84.258,10.416],[-84.243,10.321],[-84.27,10.268],[-84.322,10.257],[-84.334,10.348],[-84.299,10.416],[-84.258,10.416]]]}},{"type":"Feature","properties":{"source":"IGN-SNIT","kind":"land"},"geometry":{"type":"Polygon","coordinates":[[[-85.114,10.421],[-85.106,10.408],[-85.134,10.347],[-85.201,10.333],[-85.197,10.37],[-85.162,10.41],[-85.114,10.421]]]}},{"type":"Feature","properties":{"source":"IGN-SNIT","kind":"land"},"geometry":{"type":"Polygon","coordinates":[[[-84.404,10.436],[-84.402,10.392],[-84.363,10.328],[-84.358,10.259],[-84.374,10.252],[-84.457,10.282],[-84.477,10.312],[-84.404,10.436]]]}},{"type":"Feature","properties":{"source":"IGN-SNIT","kind":"land"},"geometry":{"type":"Polygon","coordinates":[[[-85.696,10.435],[-85.667,10.434],[-85.639,10.391],[-85.664,10.362],[-85.643,10.329],[-85.681,10.293],[-85.722,10.361],[-85.709,10.362],[-85.707,10.406],[-85.695,10.401],[-85.696,10.435]]]}},{"type":"Feature","properties":{"source":"IGN-SNIT","kind":"land"},"geometry":{"type":"Polygon","coordinates":[[[-84.988,10.442],[-84.906,10.44],[-84.905,10.417],[-84.836,10.391],[-84.828,10.36],[-84.787,10.322],[-84.885,10.355],[-84.988,10.442]]]}},{"type":"Feature","properties":{"source":"IGN-SNIT","kind":"land"},"geometry":{"type":"Polygon","coordinates":[[[-85.8,10.446],[-85.77,10.434],[-85.764,10.395],[-85.792,10.377],[-85.788,10.342],[-85.839,10.307],[-85.876,10.356],[-85.826,10.411],[-85.798,10.407],[-85.8,10.446]]]}},{"type":"Feature","properties":{"source":"IGN-SNIT","kind":"land"},"geometry":{"type":"Polygon","coordinates":[[[-85.006,10.455],[-84.919,10.389],[-84.948,10.366],[-85.018,10.367],[-85.028,10.453],[-85.006,10.455]]]}},{"type":"Feature","properties":{"source":"IGN-SNIT","kind":"land"},"geometry":{"type":"Polygon","coordinates":[[[-84.627,10.457],[-84.544,10.437],[-84.557,10.39],[-84.758,10.294],[-84.767,10.27],[-84.794,10.32],[-84.767,10.352],[-84.781,10.385],[-84.764,10.432],[-84.749,10.433],[-84.747,10.399],[-84.721,10.377],[-84.688,10.443],[-84.669,10.411],[-84.65,10.45],[-84.627,10.457]]]}},{"type":"Feature","properties":{"source":"IGN-SNIT","kind":"land"},"geometry":{"type":"Polygon","coordinates":[[[-83.832,10.461],[-83.874,10.429],[-83.88,10.405],[-83.85,10.344],[-83.859,10.252],[-83.921,10.199],[-84.035,10.182],[-84.058,10.208],[-84.096,10.192],[-84.1,10.217],[-84.042,10.314],[-84.03,10.379],[-83.996,10.405],[-84.011,10.439],[-83.935,10.442],[-83.945,10.461],[-83.832,10.461]]]}},{"type":"Feature","properties":{"source":"IGN-SNIT","kind":"land"},"geometry":{"type":"Polygon","coordinates":[[[-83.614,10.463],[-83.581,10.462],[-83.577,10.352],[-83.596,10.366],[-83.667,10.353],[-83.667,10.29],[-83.7,10.299],[-83.751,10.257],[-83.779,10.255],[-83.746,10.324],[-83.701,10.341],[-83.671,10.385],[-83.667,10.433],[-83.614,10.463]]]}},{"type":"Feature","properties":{"source":"IGN-SNIT","kind":"land"},"geometry":{"type":"Polygon","coordinates":[[[-85.563,10.475],[-85.527,10.422],[-85.477,10.42],[-85.465,10.457],[-85.369,10.409],[-85.41,10.365],[-85.471,10.376],[-85.511,10.362],[-85.571,10.445],[-85.563,10.475]]]}},{"type":"Feature","properties":{"source":"IGN-SNIT","kind":"land"},"geometry":{"type":"Polygon","coordinates":[[[-84.461,10.485],[-84.432,10.428],[-84.404,10.436],[-84.517,10.249],[-84.518,10.358],[-84.554,10.4],[-84.557,10.429],[-84.519,10.445],[-84.524,10.468],[-84.506,10.481],[-84.461,10.485]]]}},{"type":"Feature","properties":{"source":"IGN-SNIT","kind":"land"},"geometry":{"type":"Polygon","coordinates":[[[-84.45,10.486],[-84.38,10.465],[-84.351,10.42],[-84.339,10.3],[-84.352,10.246],[-84.377,10.37],[-84.402,10.392],[-84.4,10.433],[-84.432,10.428],[-84.458,10.459],[-84.45,10.486]]]}},{"type":"Feature","properties":{"source":"IGN-SNIT","kind":"land"},"geometry":{"type":"Polygon","coordinates":[[[-85.582,10.486],[-85.522,10.368],[-85.465,10.373],[-85.481,10.348],[-85.558,10.365],[-85.6,10.332],[-85.649,10.334],[-85.664,10.362],[-85.639,10.391],[-85.655,10.399],[-85.664,10.447],[-85.633,10.448],[-85.582,10.486]]]}},{"type":"Feature","properties":{"source":"IGN-SNIT","kind":"land"},"geometry":{"type":"Polygon","coordinates":[[[-85.693,10.411],[-85.722,10.361],[-85.697,10.301],[-85.744,10.31],[-85.759,10.354],[-85.791,10.36],[-85.765,10.406],[-85.779,10.474],[-85.799,10.484],[-85.737,10.482],[-85.693,10.411]]]}},{"type":"Feature","properties":{"source":"IGN-SNIT","kind":"land"},"geometry":{"type":"Polygon","coordinates":[[[-84.934,10.517],[-84.898,10.492],[-84.862,10.493],[-84.848,10.45],[-84.822,10.457],[-84.771,10.432],[-84.781,10.385],[-84.766,10.355],[-84.786,10.323],[-84.828,10.36],[-84.832,10.388],[-84.866,10.396],[-84.864,10.439],[-84.91,10.461],[-84.939,10.499],[-84.934,10.517]]]}},{"type":"Feature","properties":{"source":"IGN-SNIT","kind":"land"},"geometry":{"type":"Polygon","coordinates":[[[-84.728,10.522],[-84.717,10.504],[-84.676,10.52],[-84.529,10.493],[-84.51,10.478],[-84.524,10.468],[-84.517,10.448],[-84.541,10.436],[-84.642,10.455],[-84.669,10.411],[-84.688,10.443],[-84.721,10.377],[-84.747,10.399],[-84.751,10.435],[-84.766,10.424],[-84.773,10.465],[-84.773,10.497],[-84.728,10.522]]]}},{"type":"Feature","properties":{"source":"IGN-SNIT","kind":"land"},"geometry":{"type":"Polygon","coordinates":[[[-85.043,10.523],[-85.028,10.5],[-85.023,10.396],[-85.13,10.353],[-85.108,10.419],[-85.158,10.412],[-85.183,10.382],[-85.158,10.424],[-85.164,10.477],[-85.135,10.52],[-85.115,10.504],[-85.043,10.537],[-85.043,10.523]]]}},{"type":"Feature","properties":{"source":"IGN-SNIT","kind":"land"},"geometry":{"type":"Polygon","coordinates":[[[-83.581,10.462],[-83.628,10.46],[-83.632,10.442],[-83.667,10.433],[-83.671,10.385],[-83.705,10.339],[-83.746,10.322],[-83.791,10.332],[-83.759,10.401],[-83.698,10.453],[-83.674,10.496],[-83.63,10.52],[-83.628,10.544],[-83.587,10.548],[-83.581,10.462]]]}},{"type":"Feature","properties":{"source":"IGN-SNIT","kind":"land"},"geometry":{"type":"Polygon","coordinates":[[[-84.932,10.558],[-84.848,10.51],[-84.831,10.471],[-84.773,10.465],[-84.766,10.424],[-84.822,10.457],[-84.848,10.45],[-84.862,10.493],[-84.898,10.492],[-84.934,10.517],[-84.939,10.499],[-84.91,10.461],[-84.864,10.439],[-84.872,10.413],[-84.905,10.417],[-84.909,10.441],[-84.975,10.437],[-85.001,10.45],[-84.954,10.487],[-84.966,10.509],[-84.95,10.515],[-84.981,10.549],[-84.938,10.543],[-84.932,10.558]]]}},{"type":"Feature","properties":{"source":"IGN-SNIT","kind":"land"},"geometry":{"type":"Polygon","coordinates":[[[-85.005,10.563],[-84.95,10.515],[-84.966,10.509],[-84.954,10.487],[-85.027,10.452],[-85.043,10.523],[-85.005,10.563]]]}},{"type":"Feature","properties":{"source":"IGN-SNIT","kind":"land"},"geometry":{"type":"Polygon","coordinates":[[[-84.161,10.44],[-84.254,10.434],[-84.204,10.556],[-84.173,10.577],[-84.161,10.575],[-84.161,10.44]]]}},{"type":"Feature","properties":{"source":"IGN-SNIT","kind":"land"},"geometry":{"type":"Polygon","coordinates":[[[-84.334,10.591],[-84.299,10.414],[-84.334,10.348],[-84.33,10.269],[-84.352,10.246],[-84.339,10.3],[-84.347,10.408],[-84.377,10.463],[-84.4,10.464],[-84.385,10.476],[-84.412,10.542],[-84.393,10.571],[-84.334,10.591]]]}},{"type":"Feature","properties":{"source":"IGN-SNIT","kind":"land"},"geometry":{"type":"Polygon","coordinates":[[[-84.962,10.599],[-84.845,10.547],[-84.792,10.491],[-84.773,10.497],[-84.774,10.464],[-84.831,10.471],[-84.848,10.51],[-84.892,10.54],[-84.905,10.532],[-84.899,10.552],[-84.918,10.552],[-84.912,10.542],[-84.935,10.557],[-84.962,10.599]]]}},{"type":"Feature","properties":{"source":"IGN-SNIT","kind":"land"},"geometry":{"type":"Polygon","coordinates":[[[-83.628,10.543],[-83.63,10.52],[-83.674,10.496],[-83.698,10.453],[-83.761,10.399],[-83.791,10.332],[-83.757,10.332],[-83.748,10.31],[-83.777,10.26],[-83.803,10.26],[-83.88,10.402],[-83.874,10.429],[-83.831,10.462],[-83.846,10.606],[-83.799,10.609],[-83.628,10.543]]]}},{"type":"Feature","properties":{"source":"IGN-SNIT","kind":"land"},"geometry":{"type":"Polygon","coordinates":[[[-85.582,10.615],[-85.594,10.562],[-85.569,10.518],[-85.568,10.474],[-85.619,10.558],[-85.604,10.617],[-85.582,10.615]]]}},{"type":"Feature","properties":{"source":"IGN-SNIT","kind":"land"},"geometry":{"type":"Polygon","coordinates":[[[-85.609,10.637],[-85.602,10.599],[-85.618,10.558],[-85.598,10.543],[-85.581,10.486],[-85.675,10.432],[-85.698,10.435],[-85.737,10.483],[-85.799,10.484],[-85.812,10.516],[-85.791,10.518],[-85.779,10.544],[-85.753,10.53],[-85.697,10.553],[-85.698,10.574],[-85.653,10.589],[-85.609,10.637]]]}},{"type":"Feature","properties":{"source":"IGN-SNIT","kind":"land"},"geometry":{"type":"Polygon","coordinates":[[[-84.752,10.647],[-84.712,10.636],[-84.682,10.595],[-84.698,10.593],[-84.729,10.519],[-84.791,10.49],[-84.862,10.557],[-84.819,10.576],[-84.821,10.6],[-84.792,10.584],[-84.752,10.647]]]}},{"type":"Feature","properties":{"source":"IGN-SNIT","kind":"land"},"geometry":{"type":"Polygon","coordinates":[[[-85.336,10.646],[-85.324,10.625],[-85.293,10.646],[-85.281,10.626],[-85.218,10.638],[-85.201,10.592],[-85.198,10.632],[-85.152,10.552],[-85.16,10.419],[-85.211,10.335],[-85.203,10.284],[-85.246,10.247],[-85.286,10.268],[-85.282,10.291],[-85.311,10.321],[-85.357,10.315],[-85.38,10.33],[-85.368,10.343],[-85.402,10.339],[-85.409,10.369],[-85.369,10.41],[-85.434,10.44],[-85.396,10.56],[-85.336,10.646]]]}},{"type":"Feature","properties":{"source":"IGN-SNIT","kind":"land"},"geometry":{"type":"Polygon","coordinates":[[[-85,10.651],[-85.002,10.626],[-84.927,10.551],[-84.969,10.557],[-84.979,10.542],[-85.006,10.563],[-85.043,10.523],[-85.046,10.619],[-85.009,10.631],[-85,10.651]]]}},{"type":"Feature","properties":{"source":"IGN-SNIT","kind":"land"},"geometry":{"type":"Polygon","coordinates":[[[-84.645,10.663],[-84.62,10.629],[-84.615,10.648],[-84.585,10.648],[-84.605,10.59],[-84.561,10.584],[-84.573,10.542],[-84.53,10.523],[-84.523,10.501],[-84.556,10.491],[-84.677,10.52],[-84.718,10.505],[-84.727,10.536],[-84.705,10.552],[-84.698,10.593],[-84.682,10.595],[-84.691,10.629],[-84.682,10.647],[-84.647,10.638],[-84.645,10.663]]]}},{"type":"Feature","properties":{"source":"IGN-SNIT","kind":"land"},"geometry":{"type":"Polygon","coordinates":[[[-84,10.669],[-83.995,10.593],[-84.083,10.51],[-84.063,10.471],[-84.075,10.449],[-84.027,10.432],[-84.011,10.444],[-83.993,10.415],[-84.03,10.379],[-84.042,10.314],[-84.101,10.199],[-84.113,10.26],[-84.161,10.296],[-84.161,10.575],[-84.109,10.595],[-84.078,10.588],[-84,10.669]]]}},{"type":"Feature","properties":{"source":"IGN-SNIT","kind":"land"},"geometry":{"type":"Polygon","coordinates":[[[-84.906,10.679],[-84.814,10.645],[-84.829,10.607],[-84.817,10.578],[-84.836,10.564],[-84.89,10.56],[-85.002,10.626],[-85.012,10.671],[-84.945,10.657],[-84.906,10.679]]]}},{"type":"Feature","properties":{"source":"IGN-SNIT","kind":"land"},"geometry":{"type":"Polygon","coordinates":[[[-85.061,10.707],[-85.027,10.693],[-85,10.655],[-85.009,10.631],[-85.046,10.619],[-85.043,10.537],[-85.115,10.504],[-85.135,10.52],[-85.14,10.492],[-85.165,10.478],[-85.129,10.62],[-85.061,10.707]]]}},{"type":"Feature","properties":{"source":"IGN-SNIT","kind":"land"},"geometry":{"type":"Polygon","coordinates":[[[-83.937,10.715],[-83.918,10.708],[-83.935,10.67],[-83.92,10.64],[-83.945,10.58],[-83.838,10.581],[-83.847,10.551],[-83.831,10.462],[-83.945,10.461],[-83.935,10.442],[-84.025,10.432],[-84.075,10.449],[-84.063,10.471],[-84.081,10.514],[-83.995,10.593],[-84,10.669],[-83.955,10.677],[-83.937,10.715]]]}},{"type":"Feature","properties":{"source":"IGN-SNIT","kind":"land"},"geometry":{"type":"Polygon","coordinates":[[[-85.097,10.717],[-85.062,10.708],[-85.133,10.606],[-85.124,10.71],[-85.097,10.717]]]}},{"type":"Feature","properties":{"source":"IGN-SNIT","kind":"land"},"geometry":{"type":"Polygon","coordinates":[[[-85.194,10.749],[-85.14,10.745],[-85.122,10.704],[-85.132,10.571],[-85.152,10.533],[-85.18,10.612],[-85.198,10.632],[-85.201,10.592],[-85.211,10.602],[-85.233,10.669],[-85.206,10.68],[-85.218,10.709],[-85.194,10.749]]]}},{"type":"Feature","properties":{"source":"IGN-SNIT","kind":"land"},"geometry":{"type":"Polygon","coordinates":[[[-83.783,10.772],[-83.748,10.766],[-83.739,10.721],[-83.71,10.693],[-83.765,10.699],[-83.787,10.658],[-83.839,10.644],[-83.838,10.581],[-83.945,10.58],[-83.921,10.632],[-83.935,10.67],[-83.919,10.71],[-83.863,10.718],[-83.783,10.772]]]}},{"type":"Feature","properties":{"source":"IGN-SNIT","kind":"land"},"geometry":{"type":"Polygon","coordinates":[[[-84.743,10.775],[-84.649,10.662],[-84.647,10.638],[-84.683,10.646],[-84.69,10.617],[-84.754,10.646],[-84.797,10.583],[-84.827,10.599],[-84.814,10.645],[-84.841,10.659],[-84.906,10.679],[-84.945,10.657],[-84.985,10.672],[-84.988,10.69],[-84.968,10.703],[-84.833,10.7],[-84.743,10.775]]]}},{"type":"Feature","properties":{"source":"IGN-SNIT","kind":"land"},"geometry":{"type":"Polygon","coordinates":[[[-85.292,10.776],[-85.275,10.753],[-85.235,10.767],[-85.195,10.75],[-85.218,10.709],[-85.206,10.68],[-85.233,10.669],[-85.218,10.638],[-85.281,10.626],[-85.293,10.646],[-85.324,10.625],[-85.345,10.648],[-85.351,10.673],[-85.292,10.776]]]}},{"type":"Feature","properties":{"source":"IGN-SNIT","kind":"land"},"geometry":{"type":"Polygon","coordinates":[[[-84.189,10.79],[-84.161,10.785],[-84.161,10.575],[-84.204,10.556],[-84.258,10.416],[-84.299,10.416],[-84.325,10.491],[-84.315,10.513],[-84.334,10.596],[-84.283,10.62],[-84.272,10.651],[-84.242,10.662],[-84.246,10.677],[-84.198,10.683],[-84.192,10.702],[-84.207,10.712],[-84.186,10.752],[-84.189,10.79]]]}},{"type":"Feature","properties":{"source":"IGN-SNIT","kind":"land"},"geometry":{"type":"Polygon","coordinates":[[[-84.025,10.792],[-83.966,10.728],[-83.936,10.721],[-83.935,10.7],[-83.955,10.677],[-83.989,10.681],[-84.078,10.588],[-84.109,10.595],[-84.161,10.575],[-84.161,10.785],[-84.081,10.759],[-84.055,10.778],[-84.036,10.771],[-84.025,10.792]]]}},{"type":"Feature","properties":{"source":"IGN-SNIT","kind":"land"},"geometry":{"type":"Polygon","coordinates":[[[-84.548,10.792],[-84.519,10.748],[-84.519,10.694],[-84.56,10.685],[-84.57,10.66],[-84.615,10.648],[-84.62,10.629],[-84.679,10.689],[-84.711,10.752],[-84.743,10.771],[-84.713,10.76],[-84.673,10.779],[-84.639,10.741],[-84.632,10.757],[-84.598,10.754],[-84.591,10.78],[-84.548,10.792]]]}},{"type":"Feature","properties":{"source":"IGN-SNIT","kind":"land"},"geometry":{"type":"Polygon","coordinates":[[[-85.325,10.812],[-85.292,10.761],[-85.344,10.689],[-85.346,10.624],[-85.396,10.56],[-85.418,10.46],[-85.434,10.44],[-85.472,10.453],[-85.481,10.419],[-85.528,10.422],[-85.583,10.527],[-85.569,10.55],[-85.581,10.583],[-85.535,10.609],[-85.563,10.636],[-85.482,10.641],[-85.439,10.667],[-85.377,10.714],[-85.341,10.81],[-85.325,10.812]]]}},{"type":"Feature","properties":{"source":"IGN-SNIT","kind":"land"},"geometry":{"type":"Polygon","coordinates":[[[-85.032,10.822],[-85.031,10.8],[-84.973,10.767],[-84.951,10.773],[-84.963,10.759],[-84.956,10.723],[-84.982,10.721],[-85.014,10.671],[-85.072,10.713],[-85.124,10.71],[-85.145,10.748],[-85.113,10.791],[-85.032,10.822]]]}},{"type":"Feature","properties":{"source":"IGN-SNIT","kind":"land"},"geometry":{"type":"Polygon","coordinates":[[[-84.901,10.829],[-84.864,10.808],[-84.85,10.76],[-84.886,10.747],[-84.889,10.731],[-84.864,10.704],[-84.968,10.703],[-84.986,10.669],[-85.01,10.668],[-84.998,10.706],[-84.956,10.723],[-84.963,10.759],[-84.927,10.777],[-84.901,10.829]]]}},{"type":"Feature","properties":{"source":"IGN-SNIT","kind":"land"},"geometry":{"type":"MultiPolygon","coordinates":[[[[-85.352,10.828],[-85.325,10.812],[-85.341,10.81],[-85.354,10.775],[-85.352,10.828]]],[[[-85.549,10.641],[-85.521,10.67],[-85.487,10.664],[-85.45,10.715],[-85.358,10.766],[-85.378,10.713],[-85.466,10.647],[-85.549,10.641]]],[[[-85.358,10.766],[-85.354,10.775],[-85.355,10.768],[-85.358,10.766]]]]}},{"type":"Feature","properties":{"source":"IGN-SNIT","kind":"land"},"geometry":{"type":"Polygon","coordinates":[[[-84.787,10.843],[-84.756,10.82],[-84.741,10.776],[-84.833,10.7],[-84.882,10.713],[-84.886,10.747],[-84.85,10.76],[-84.865,10.808],[-84.817,10.85],[-84.787,10.843]]]}},{"type":"Feature","properties":{"source":"IGN-SNIT","kind":"land"},"geometry":{"type":"Polygon","coordinates":[[[-85.426,10.855],[-85.352,10.828],[-85.354,10.768],[-85.45,10.715],[-85.487,10.664],[-85.521,10.67],[-85.563,10.636],[-85.505,10.8],[-85.481,10.799],[-85.426,10.855]]]}},{"type":"Feature","properties":{"source":"IGN-SNIT","kind":"land"},"geometry":{"type":"Polygon","coordinates":[[[-85.567,10.86],[-85.541,10.821],[-85.55,10.754],[-85.524,10.727],[-85.563,10.638],[-85.535,10.609],[-85.581,10.583],[-85.577,10.538],[-85.594,10.562],[-85.582,10.615],[-85.61,10.616],[-85.609,10.637],[-85.628,10.624],[-85.656,10.643],[-85.68,10.611],[-85.699,10.611],[-85.653,10.676],[-85.658,10.764],[-85.683,10.803],[-85.642,10.798],[-85.633,10.833],[-85.567,10.86]]]}},{"type":"Feature","properties":{"source":"IGN-SNIT","kind":"land"},"geometry":{"type":"Polygon","coordinates":[[[-85.076,10.891],[-85.071,10.877],[-85.031,10.878],[-85.027,10.86],[-85.017,10.875],[-85.009,10.857],[-85.023,10.838],[-84.983,10.835],[-85.011,10.798],[-85.031,10.8],[-85.035,10.822],[-85.113,10.791],[-85.133,10.765],[-85.135,10.819],[-85.076,10.891]]]}},{"type":"Feature","properties":{"source":"IGN-SNIT","kind":"land"},"geometry":{"type":"Polygon","coordinates":[[[-84.422,10.641],[-84.447,10.647],[-84.463,10.706],[-84.398,10.815],[-84.391,10.855],[-84.351,10.852],[-84.367,10.866],[-84.367,10.907],[-84.332,10.897],[-84.301,10.917],[-84.283,10.894],[-84.226,10.874],[-84.215,10.839],[-84.238,10.815],[-84.206,10.797],[-84.186,10.754],[-84.207,10.712],[-84.192,10.701],[-84.199,10.68],[-84.246,10.677],[-84.243,10.661],[-84.272,10.651],[-84.277,10.626],[-84.314,10.597],[-84.393,10.571],[-84.412,10.542],[-84.397,10.53],[-84.391,10.473],[-84.511,10.478],[-84.539,10.496],[-84.494,10.517],[-84.486,10.566],[-84.404,10.618],[-84.422,10.641]]]}},{"type":"Feature","properties":{"source":"IGN-SNIT","kind":"land"},"geometry":{"type":"Polygon","coordinates":[[[-84.722,10.929],[-84.676,10.891],[-84.651,10.901],[-84.612,10.867],[-84.593,10.876],[-84.568,10.844],[-84.541,10.844],[-84.545,10.795],[-84.639,10.741],[-84.673,10.779],[-84.713,10.76],[-84.741,10.774],[-84.778,10.867],[-84.722,10.929]]]}},{"type":"Feature","properties":{"source":"IGN-SNIT","kind":"land"},"geometry":{"type":"Polygon","coordinates":[[[-83.697,10.94],[-83.651,10.919],[-83.621,10.877],[-83.507,10.553],[-83.343,10.29],[-83.38,10.304],[-83.399,10.303],[-83.406,10.284],[-83.517,10.307],[-83.529,10.294],[-83.569,10.299],[-83.587,10.548],[-83.628,10.543],[-83.799,10.609],[-83.844,10.61],[-83.839,10.644],[-83.787,10.658],[-83.77,10.697],[-83.71,10.693],[-83.763,10.772],[-83.663,10.811],[-83.668,10.889],[-83.697,10.94]]]}},{"type":"Feature","properties":{"source":"IGN-SNIT","kind":"land"},"geometry":{"type":"Polygon","coordinates":[[[-84.997,10.961],[-84.985,10.859],[-84.935,10.855],[-84.902,10.828],[-84.929,10.776],[-84.973,10.767],[-85.011,10.798],[-84.983,10.835],[-85.023,10.838],[-85.009,10.857],[-85.017,10.875],[-85.027,10.86],[-85.037,10.882],[-85.092,10.887],[-85.087,10.909],[-85.043,10.899],[-85.039,10.927],[-84.997,10.961]]]}},{"type":"Feature","properties":{"source":"IGN-SNIT","kind":"land"},"geometry":{"type":"Polygon","coordinates":[[[-85.378,10.836],[-85.433,10.853],[-85.481,10.799],[-85.505,10.8],[-85.525,10.733],[-85.55,10.754],[-85.541,10.819],[-85.564,10.856],[-85.546,10.872],[-85.56,10.895],[-85.526,10.921],[-85.525,10.942],[-85.466,10.965],[-85.434,10.898],[-85.378,10.836]]]}},{"type":"Feature","properties":{"source":"IGN-SNIT","kind":"land"},"geometry":{"type":"Polygon","coordinates":[[[-84.911,10.944],[-84.881,10.957],[-84.898,10.827],[-84.935,10.855],[-84.982,10.856],[-84.997,10.914],[-84.991,10.974],[-84.911,10.944]]]}},{"type":"Feature","properties":{"source":"IGN-SNIT","kind":"land"},"geometry":{"type":"Polygon","coordinates":[[[-85.274,10.983],[-85.247,10.967],[-85.244,10.942],[-85.183,10.913],[-85.12,10.832],[-85.145,10.748],[-85.235,10.767],[-85.275,10.753],[-85.306,10.8],[-85.36,10.827],[-85.355,10.876],[-85.331,10.911],[-85.301,10.922],[-85.307,10.957],[-85.274,10.983]]]}},{"type":"Feature","properties":{"source":"IGN-SNIT","kind":"land"},"geometry":{"type":"Polygon","coordinates":[[[-85.527,10.989],[-85.494,10.967],[-85.471,10.979],[-85.462,10.961],[-85.525,10.942],[-85.526,10.921],[-85.56,10.895],[-85.551,10.862],[-85.633,10.833],[-85.642,10.798],[-85.742,10.819],[-85.763,10.803],[-85.802,10.826],[-85.795,10.853],[-85.854,10.853],[-85.867,10.877],[-85.917,10.899],[-85.95,10.89],[-85.865,10.927],[-85.885,10.95],[-85.817,10.945],[-85.817,10.921],[-85.793,10.909],[-85.801,10.932],[-85.785,10.939],[-85.728,10.938],[-85.717,10.923],[-85.701,10.95],[-85.72,10.956],[-85.69,10.978],[-85.598,10.949],[-85.527,10.989]]]}},{"type":"Feature","properties":{"source":"IGN-SNIT","kind":"land"},"geometry":{"type":"Polygon","coordinates":[[[-84.422,10.641],[-84.403,10.619],[-84.486,10.566],[-84.488,10.526],[-84.512,10.506],[-84.573,10.542],[-84.561,10.584],[-84.606,10.596],[-84.564,10.681],[-84.519,10.694],[-84.519,10.748],[-84.55,10.789],[-84.546,10.865],[-84.509,10.883],[-84.47,10.873],[-84.478,10.952],[-84.461,10.964],[-84.42,10.955],[-84.359,10.996],[-84.342,10.974],[-84.351,10.951],[-84.305,10.916],[-84.332,10.897],[-84.367,10.907],[-84.367,10.866],[-84.351,10.852],[-84.391,10.855],[-84.398,10.815],[-84.438,10.767],[-84.432,10.75],[-84.465,10.694],[-84.447,10.647],[-84.422,10.641]]]}},{"type":"Feature","properties":{"source":"IGN-SNIT","kind":"land"},"geometry":{"type":"Polygon","coordinates":[[[-84.991,10.974],[-85.039,10.927],[-85.043,10.899],[-85.087,10.908],[-85.132,11.027],[-84.991,10.974]]]}},{"type":"Feature","properties":{"source":"IGN-SNIT","kind":"land"},"geometry":{"type":"Polygon","coordinates":[[[-85.311,11.043],[-85.259,10.991],[-85.302,10.967],[-85.3,10.923],[-85.331,10.911],[-85.355,10.876],[-85.363,10.826],[-85.434,10.898],[-85.449,10.935],[-85.42,10.964],[-85.382,10.971],[-85.354,11.033],[-85.311,11.043]]]}},{"type":"Feature","properties":{"source":"IGN-SNIT","kind":"land"},"geometry":{"type":"Polygon","coordinates":[[[-84.735,11.035],[-84.714,11.009],[-84.747,10.956],[-84.724,10.923],[-84.767,10.89],[-84.77,10.837],[-84.815,10.851],[-84.834,10.821],[-84.879,10.809],[-84.898,10.827],[-84.882,10.961],[-84.742,11.047],[-84.735,11.035]]]}},{"type":"Feature","properties":{"source":"IGN-SNIT","kind":"land"},"geometry":{"type":"Polygon","coordinates":[[[-85.242,11.065],[-85.127,11.025],[-85.087,10.907],[-85.118,10.828],[-85.183,10.913],[-85.247,10.945],[-85.26,10.992],[-85.29,11.017],[-85.263,11.013],[-85.263,11.043],[-85.242,11.065]]]}},{"type":"Feature","properties":{"source":"IGN-SNIT","kind":"land"},"geometry":{"type":"Polygon","coordinates":[[[-84.666,11.072],[-84.606,11.038],[-84.575,11.051],[-84.486,11.001],[-84.451,10.962],[-84.48,10.948],[-84.47,10.873],[-84.524,10.879],[-84.546,10.865],[-84.543,10.844],[-84.568,10.844],[-84.593,10.877],[-84.612,10.867],[-84.629,10.892],[-84.657,10.903],[-84.676,10.891],[-84.719,10.919],[-84.747,10.956],[-84.714,11.01],[-84.742,11.047],[-84.68,11.084],[-84.666,11.072]]]}},{"type":"Feature","properties":{"source":"IGN-SNIT","kind":"land"},"geometry":{"type":"Polygon","coordinates":[[[-85.358,11.126],[-85.229,11.063],[-85.263,11.043],[-85.263,11.013],[-85.312,11.043],[-85.351,11.035],[-85.382,10.971],[-85.458,10.934],[-85.458,11.041],[-85.426,11.077],[-85.43,11.122],[-85.358,11.126]]]}},{"type":"Feature","properties":{"source":"IGN-SNIT","kind":"land"},"geometry":{"type":"Polygon","coordinates":[[[-85.528,11.172],[-85.424,11.129],[-85.426,11.077],[-85.458,11.041],[-85.448,11.015],[-85.462,10.966],[-85.473,10.98],[-85.51,10.971],[-85.527,10.989],[-85.546,10.979],[-85.539,11.024],[-85.586,11.048],[-85.578,11.088],[-85.602,11.137],[-85.556,11.129],[-85.528,11.172]]]}},{"type":"Feature","properties":{"source":"IGN-SNIT","kind":"land"},"geometry":{"type":"Polygon","coordinates":[[[-85.56,11.21],[-85.526,11.172],[-85.556,11.129],[-85.596,11.145],[-85.603,11.132],[-85.578,11.088],[-85.586,11.048],[-85.536,11.017],[-85.544,10.968],[-85.626,10.953],[-85.752,11.018],[-85.735,11.048],[-85.713,11.027],[-85.674,11.033],[-85.67,11.061],[-85.693,11.08],[-85.61,11.22],[-85.56,11.21]]]}},{"type":"Feature","properties":{"source":"IGN-SNIT","kind":"land"},"geometry":{"type":"Polygon","coordinates":[[[-83.839,9.255],[-83.768,9.215],[-83.753,9.222],[-83.756,9.244],[-83.735,9.224],[-83.706,9.225],[-83.669,9.183],[-83.672,9.154],[-83.605,9.114],[-83.635,9.111],[-83.668,9.074],[-83.728,9.146],[-83.757,9.151],[-83.779,9.193],[-83.845,9.221],[-83.869,9.255],[-83.853,9.281],[-83.839,9.255]]]}},{"type":"Feature","properties":{"source":"IGN-SNIT","kind":"land"},"geometry":{"type":"Polygon","coordinates":[[[-83.112,8.556],[-83.016,8.52],[-82.989,8.462],[-83.057,8.371],[-83.034,8.377],[-83.052,8.331],[-82.991,8.271],[-82.976,8.289],[-82.942,8.272],[-82.936,8.21],[-82.91,8.196],[-82.908,8.144],[-82.886,8.108],[-82.9,8.04],[-82.916,8.06],[-82.903,8.114],[-82.968,8.234],[-83.147,8.367],[-83.093,8.45],[-83.152,8.546],[-83.112,8.556]]]}},{"type":"Feature","properties":{"source":"IGN-SNIT","kind":"land"},"geometry":{"type":"Polygon","coordinates":[[[-83.381,9.982],[-83.449,9.982],[-83.468,10.012],[-83.418,10.047],[-83.417,10.071],[-83.37,10.11],[-83.333,10.18],[-83.271,10.194],[-83.276,10.221],[-83.238,10.174],[-83.319,10.085],[-83.328,10.053],[-83.37,10.066],[-83.388,10.02],[-83.381,9.982]]]}},{"type":"Feature","properties":{"source":"IGN-SNIT","kind":"land"},"geometry":{"type":"Polygon","coordinates":[[[-84.278,10.055],[-84.298,10.066],[-84.294,10.083],[-84.243,10.144],[-84.278,10.055]]]}},{"type":"Feature","properties":{"source":"IGN-SNIT","kind":"land"},"geometry":{"type":"Polygon","coordinates":[[[-84.236,9.475],[-84.249,9.505],[-84.204,9.514],[-84.188,9.547],[-84.139,9.572],[-84.12,9.554],[-84.072,9.571],[-84.118,9.532],[-84.114,9.499],[-84.155,9.485],[-84.145,9.465],[-84.111,9.468],[-84.043,9.405],[-84.025,9.372],[-84.032,9.347],[-84.176,9.394],[-84.169,9.441],[-84.236,9.475]]]}},{"type":"Feature","properties":{"source":"IGN-SNIT","kind":"land"},"geometry":{"type":"Polygon","coordinates":[[[-83.179,9.327],[-83.2,9.267],[-83.194,9.221],[-83.215,9.199],[-83.213,9.12],[-83.181,9.03],[-83.212,9.006],[-83.24,9.033],[-83.238,9.059],[-83.281,9.079],[-83.264,9.093],[-83.352,9.083],[-83.387,9.106],[-83.37,9.162],[-83.33,9.198],[-83.361,9.254],[-83.339,9.321],[-83.347,9.37],[-83.315,9.383],[-83.224,9.321],[-83.179,9.327]]]}},{"type":"Feature","properties":{"source":"IGN-SNIT","kind":"land"},"geometry":{"type":"Polygon","coordinates":[[[-85.558,10.36],[-85.511,10.347],[-85.533,10.344],[-85.555,10.288],[-85.542,10.267],[-85.552,10.24],[-85.527,10.207],[-85.547,10.165],[-85.596,10.124],[-85.598,10.065],[-85.617,10.103],[-85.644,10.111],[-85.62,10.165],[-85.629,10.245],[-85.716,10.273],[-85.646,10.33],[-85.6,10.332],[-85.558,10.36]]]}},{"type":"Feature","properties":{"source":"IGN-SNIT","kind":"land"},"geometry":{"type":"Polygon","coordinates":[[[-84.199,9.893],[-84.188,9.885],[-84.203,9.868],[-84.232,9.857],[-84.287,9.894],[-84.272,9.906],[-84.231,9.886],[-84.199,9.893]]]}},{"type":"Feature","properties":{"source":"IGN-SNIT","kind":"land"},"geometry":{"type":"MultiPolygon","coordinates":[[[[-87.048,5.559],[-87.048,5.563],[-87.046,5.563],[-87.048,5.559]]],[[[-87.053,5.554],[-87.055,5.554],[-87.054,5.555],[-87.053,5.554]]],[[[-87.035,5.551],[-87.036,5.551],[-87.035,5.551],[-87.035,5.551]]],[[[-87.064,5.551],[-87.064,5.551],[-87.064,5.551],[-87.064,5.551]]],[[[-87.033,5.55],[-87.033,5.55],[-87.032,5.551],[-87.033,5.55]]],[[[-87.032,5.549],[-87.032,5.549],[-87.032,5.549],[-87.032,5.549]]],[[[-87.032,5.547],[-87.032,5.548],[-87.032,5.548],[-87.032,5.547]]],[[[-87.082,5.547],[-87.082,5.547],[-87.082,5.548],[-87.082,5.547]]],[[[-87.031,5.545],[-87.031,5.545],[-87.031,5.545],[-87.031,5.545]]],[[[-87.03,5.541],[-87.03,5.542],[-87.029,5.541],[-87.03,5.541]]],[[[-87.084,5.537],[-87.084,5.537],[-87.084,5.537],[-87.084,5.537]]],[[[-87.028,5.532],[-87.028,5.532],[-87.028,5.532],[-87.028,5.532]]],[[[-87.035,5.521],[-87.036,5.522],[-87.036,5.522],[-87.035,5.521]]],[[[-87.049,5.517],[-87.049,5.517],[-87.049,5.517],[-87.049,5.517]]],[[[-87.093,5.516],[-87.093,5.516],[-87.093,5.516],[-87.093,5.516]]],[[[-87.093,5.514],[-87.093,5.514],[-87.093,5.514],[-87.093,5.514]]],[[[-87.092,5.514],[-87.092,5.514],[-87.092,5.514],[-87.092,5.514]]],[[[-87.094,5.513],[-87.094,5.514],[-87.094,5.514],[-87.094,5.513]]],[[[-87.092,5.513],[-87.092,5.513],[-87.092,5.513],[-87.092,5.513]]],[[[-87.101,5.513],[-87.1,5.514],[-87.1,5.513],[-87.101,5.513]]],[[[-87.055,5.513],[-87.055,5.513],[-87.055,5.513],[-87.055,5.513]]],[[[-87.089,5.513],[-87.09,5.513],[-87.089,5.513],[-87.089,5.513]]],[[[-87.101,5.509],[-87.102,5.509],[-87.101,5.509],[-87.101,5.509]]],[[[-87.055,5.509],[-87.055,5.509],[-87.054,5.509],[-87.055,5.509]]],[[[-87.086,5.507],[-87.086,5.508],[-87.085,5.508],[-87.086,5.507]]],[[[-87.056,5.506],[-87.057,5.506],[-87.056,5.506],[-87.056,5.506]]],[[[-87.074,5.499],[-87.09,5.531],[-87.048,5.557],[-87.028,5.534],[-87.055,5.513],[-87.055,5.513],[-87.055,5.513],[-87.055,5.513],[-87.074,5.499]]],[[[-87.069,5.504],[-87.068,5.504],[-87.069,5.505],[-87.069,5.504]]],[[[-87.062,5.544],[-87.062,5.544],[-87.062,5.544],[-87.062,5.544]]]]}},{"type":"Feature","properties":{"source":"IGN-SNIT","kind":"land"},"geometry":{"type":"Polygon","coordinates":[[[-83.959,9.841],[-83.938,9.84],[-83.943,9.798],[-83.79,9.611],[-83.85,9.625],[-83.851,9.667],[-83.921,9.683],[-83.948,9.706],[-83.951,9.74],[-83.979,9.745],[-83.992,9.784],[-83.959,9.841]]]}},{"type":"Feature","properties":{"source":"IGN-SNIT","kind":"land"},"geometry":{"type":"Polygon","coordinates":[[[-84.517,10.236],[-84.479,10.217],[-84.468,10.192],[-84.471,10.1],[-84.51,10.161],[-84.582,10.185],[-84.517,10.236]]]}},{"type":"Feature","properties":{"source":"IGN-SNIT","kind":"land"},"geometry":{"type":"Polygon","coordinates":[[[-85.427,10.076],[-85.437,10.092],[-85.402,10.097],[-85.401,10.075],[-85.427,10.076]]]}},{"type":"Feature","properties":{"source":"IGN-SNIT","kind":"land"},"geometry":{"type":"MultiPolygon","coordinates":[[[[-84.894,9.773],[-84.883,9.771],[-84.896,9.764],[-84.894,9.773]]],[[[-84.9,9.785],[-84.897,9.777],[-84.903,9.774],[-84.9,9.785]]],[[[-84.889,9.844],[-84.888,9.841],[-84.896,9.841],[-84.889,9.844]]],[[[-84.869,9.852],[-84.871,9.841],[-84.89,9.838],[-84.869,9.852]]],[[[-84.966,9.938],[-84.922,9.926],[-84.914,9.906],[-84.938,9.881],[-84.906,9.853],[-84.933,9.836],[-84.865,9.827],[-84.924,9.792],[-84.933,9.757],[-84.954,9.757],[-84.955,9.728],[-84.995,9.749],[-85.018,9.722],[-85.084,9.71],[-85.051,9.769],[-85.07,9.774],[-85.086,9.749],[-85.109,9.758],[-85.094,9.808],[-85.033,9.844],[-85.039,9.878],[-84.988,9.939],[-84.966,9.938]]]]}},{"type":"Feature","properties":{"source":"IGN-SNIT","kind":"land"},"geometry":{"type":"Polygon","coordinates":[[[-83.439,10.187],[-83.396,10.189],[-83.41,10.168],[-83.432,10.169],[-83.436,10.133],[-83.448,10.137],[-83.448,10.12],[-83.472,10.116],[-83.498,10.079],[-83.484,10.055],[-83.506,10.011],[-83.544,9.999],[-83.551,9.982],[-83.602,9.982],[-83.59,9.995],[-83.608,10.032],[-83.571,10.087],[-83.549,10.084],[-83.489,10.18],[-83.439,10.187]]]}},{"type":"Feature","properties":{"source":"IGN-SNIT","kind":"land"},"geometry":{"type":"Polygon","coordinates":[[[-84.182,10.372],[-84.202,10.276],[-84.218,10.249],[-84.249,10.244],[-84.266,10.261],[-84.239,10.332],[-84.258,10.399],[-84.206,10.378],[-84.202,10.393],[-84.182,10.372]]]}},{"type":"Feature","properties":{"source":"IGN-SNIT","kind":"land"},"geometry":{"type":"Polygon","coordinates":[[[-84.254,10.434],[-84.161,10.44],[-84.181,10.373],[-84.202,10.393],[-84.203,10.378],[-84.239,10.382],[-84.239,10.396],[-84.259,10.399],[-84.254,10.434]]]}},{"type":"Feature","properties":{"source":"MarViva-Jurisdiccional","kind":"territorial-sea-12nm"},"geometry":{"type":"Polygon","coordinates":[[[-85.693,11.079],[-85.67,11.061],[-85.674,11.033],[-85.713,11.027],[-85.728,11.049],[-85.754,11.022],[-85.689,10.976],[-85.72,10.955],[-85.699,10.947],[-85.712,10.926],[-85.785,10.94],[-85.801,10.932],[-85.794,10.909],[-85.817,10.921],[-85.817,10.945],[-85.884,10.95],[-85.865,10.927],[-85.95,10.89],[-85.916,10.899],[-85.867,10.877],[-85.854,10.853],[-85.795,10.853],[-85.793,10.815],[-85.687,10.803],[-85.658,10.764],[-85.654,10.673],[-85.676,10.662],[-85.685,10.645],[-85.67,10.642],[-85.699,10.611],[-85.68,10.611],[-85.655,10.643],[-85.628,10.624],[-85.653,10.589],[-85.676,10.592],[-85.683,10.571],[-85.698,10.574],[-85.696,10.553],[-85.753,10.53],[-85.778,10.544],[-85.791,10.518],[-85.811,10.517],[-85.773,10.449],[-85.785,10.437],[-85.8,10.446],[-85.798,10.407],[-85.826,10.411],[-85.847,10.372],[-85.876,10.356],[-85.841,10.32],[-85.856,10.263],[-85.841,10.204],[-85.81,10.163],[-85.789,10.094],[-85.683,9.97],[-85.662,9.927],[-85.669,9.904],[-85.641,9.909],[-85.569,9.877],[-85.52,9.88],[-85.509,9.86],[-85.489,9.871],[-85.468,9.85],[-85.449,9.862],[-85.381,9.849],[-85.298,9.807],[-85.271,9.782],[-85.275,9.76],[-85.222,9.724],[-85.197,9.669],[-85.144,9.616],[-85.141,9.581],[-85.112,9.559],[-85.092,9.571],[-85.068,9.654],[-84.994,9.704],[-85.016,9.715],[-85.01,9.74],[-84.983,9.756],[-84.987,9.74],[-84.955,9.728],[-84.954,9.757],[-84.933,9.757],[-84.924,9.792],[-84.864,9.829],[-84.933,9.836],[-84.906,9.853],[-84.938,9.881],[-84.914,9.904],[-84.922,9.926],[-84.959,9.942],[-85.009,9.939],[-85.052,9.976],[-85.118,9.974],[-85.119,9.991],[-85.169,10.021],[-85.172,10.037],[-85.152,10.031],[-85.152,10.049],[-85.175,10.048],[-85.195,10.083],[-85.24,10.108],[-85.249,10.246],[-85.23,10.235],[-85.235,10.212],[-85.216,10.182],[-85.144,10.16],[-85.12,10.176],[-85.09,10.17],[-85.077,10.136],[-85.027,10.132],[-84.963,10.085],[-84.969,10.064],[-84.946,10.063],[-84.884,10.011],[-84.786,9.982],[-84.85,9.975],[-84.742,9.969],[-84.713,9.922],[-84.731,9.893],[-84.628,9.762],[-84.675,9.697],[-84.68,9.652],[-84.658,9.648],[-84.664,9.631],[-84.628,9.61],[-84.618,9.581],[-84.536,9.517],[-84.465,9.527],[-84.169,9.442],[-84.163,9.405],[-84.176,9.394],[-83.927,9.301],[-83.845,9.237],[-83.845,9.221],[-83.779,9.193],[-83.757,9.151],[-83.728,9.145],[-83.679,9.083],[-83.63,9.049],[-83.661,9.064],[-83.634,9.019],[-83.625,8.926],[-83.577,8.894],[-83.611,8.881],[-83.575,8.845],[-83.64,8.813],[-83.652,8.793],[-83.638,8.778],[-83.615,8.786],[-83.647,8.768],[-83.639,8.736],[-83.654,8.698],[-83.708,8.688],[-83.714,8.649],[-83.74,8.623],[-83.727,8.586],[-83.702,8.578],[-83.568,8.442],[-83.484,8.447],[-83.294,8.375],[-83.278,8.387],[-83.284,8.542],[-83.306,8.54],[-83.324,8.571],[-83.373,8.575],[-83.427,8.618],[-83.435,8.659],[-83.468,8.68],[-83.472,8.702],[-83.484,8.698],[-83.464,8.726],[-83.433,8.713],[-83.381,8.747],[-83.347,8.737],[-83.322,8.715],[-83.329,8.681],[-83.295,8.654],[-83.255,8.657],[-83.237,8.627],[-83.225,8.641],[-83.182,8.622],[-83.175,8.644],[-83.124,8.601],[-83.16,8.578],[-83.152,8.61],[-83.179,8.607],[-83.171,8.625],[-83.181,8.61],[-83.134,8.55],[-83.152,8.546],[-83.092,8.45],[-83.147,8.367],[-82.978,8.246],[-82.9,8.101],[-82.916,8.06],[-82.903,8.041],[-82.989,7.858],[-83.042,7.894],[-83.084,7.947],[-83.113,8.016],[-83.116,8.089],[-83.162,8.13],[-83.242,8.179],[-83.329,8.177],[-83.5,8.244],[-83.588,8.24],[-83.659,8.262],[-83.866,8.44],[-83.914,8.504],[-83.992,8.533],[-84.049,8.582],[-84.082,8.637],[-84.095,8.7],[-84.089,8.763],[-84.062,8.822],[-83.966,8.899],[-83.827,8.914],[-83.922,9.035],[-84.042,9.133],[-84.244,9.191],[-84.305,9.233],[-84.35,9.29],[-84.629,9.338],[-84.812,9.477],[-84.863,9.548],[-84.94,9.437],[-85.012,9.383],[-85.097,9.358],[-85.181,9.37],[-85.288,9.441],[-85.385,9.591],[-85.45,9.649],[-85.731,9.712],[-85.824,9.774],[-85.87,9.872],[-85.964,9.992],[-86.026,10.12],[-86.076,10.321],[-86.069,10.416],[-86.028,10.491],[-86.014,10.587],[-85.972,10.65],[-86.057,10.666],[-86.128,10.716],[-86.171,10.789],[-86.181,10.873],[-86.145,10.968],[-86.023,11.097],[-85.955,11.087],[-85.857,11.046],[-85.786,11.065],[-85.703,11.064],[-85.693,11.079]],[[-85.713,11.051],[-85.713,11.05],[-85.712,11.05],[-85.713,11.051]],[[-85.711,11.05],[-85.708,11.046],[-85.707,11.049],[-85.711,11.05]],[[-85.74,11.046],[-85.74,11.046],[-85.74,11.046],[-85.74,11.046]],[[-85.743,11.044],[-85.743,11.044],[-85.743,11.044],[-85.743,11.044]],[[-85.748,11.033],[-85.748,11.034],[-85.75,11.034],[-85.748,11.033]],[[-85.763,11.027],[-85.762,11.027],[-85.762,11.027],[-85.763,11.027]],[[-85.752,11.026],[-85.753,11.026],[-85.753,11.026],[-85.752,11.026]],[[-85.755,11.025],[-85.754,11.025],[-85.755,11.025],[-85.755,11.025]],[[-85.756,11.024],[-85.756,11.024],[-85.757,11.024],[-85.756,11.024]],[[-85.742,11.012],[-85.742,11.012],[-85.742,11.012],[-85.742,11.012]],[[-85.75,11.01],[-85.75,11.01],[-85.751,11.01],[-85.75,11.01]],[[-85.747,11.004],[-85.747,11.001],[-85.745,11.003],[-85.747,11.004]],[[-85.714,10.978],[-85.713,10.981],[-85.718,10.984],[-85.714,10.978]],[[-85.72,10.958],[-85.719,10.958],[-85.721,10.959],[-85.72,10.958]],[[-85.9,10.917],[-85.897,10.917],[-85.899,10.921],[-85.9,10.917]],[[-85.918,10.907],[-85.917,10.907],[-85.918,10.907],[-85.918,10.907]],[[-85.951,10.889],[-85.951,10.89],[-85.951,10.89],[-85.951,10.889]],[[-85.891,10.875],[-85.899,10.872],[-85.891,10.871],[-85.891,10.875]],[[-85.914,10.852],[-85.913,10.862],[-85.927,10.853],[-85.914,10.852]],[[-85.977,10.852],[-85.977,10.852],[-85.977,10.851],[-85.977,10.852]],[[-85.97,10.852],[-85.97,10.851],[-85.97,10.852],[-85.97,10.852]],[[-85.95,10.854],[-85.949,10.853],[-85.948,10.855],[-85.95,10.854]],[[-85.951,10.854],[-85.952,10.857],[-85.956,10.854],[-85.951,10.854]],[[-85.958,10.853],[-85.957,10.854],[-85.96,10.854],[-85.958,10.853]],[[-85.978,10.853],[-85.979,10.853],[-85.978,10.853],[-85.978,10.853]],[[-85.941,10.857],[-85.947,10.855],[-85.937,10.855],[-85.941,10.857]],[[-85.933,10.856],[-85.932,10.853],[-85.928,10.853],[-85.933,10.856]],[[-85.907,10.857],[-85.903,10.855],[-85.902,10.858],[-85.907,10.857]],[[-85.9,10.858],[-85.899,10.858],[-85.901,10.859],[-85.9,10.858]],[[-85.872,10.844],[-85.869,10.841],[-85.856,10.847],[-85.872,10.844]],[[-85.689,10.644],[-85.687,10.641],[-85.686,10.644],[-85.689,10.644]],[[-85.693,10.641],[-85.698,10.639],[-85.692,10.64],[-85.693,10.641]],[[-85.712,10.58],[-85.71,10.579],[-85.711,10.581],[-85.712,10.58]],[[-85.704,10.58],[-85.705,10.578],[-85.703,10.578],[-85.704,10.58]],[[-85.708,10.579],[-85.709,10.579],[-85.71,10.578],[-85.708,10.579]],[[-85.709,10.557],[-85.709,10.556],[-85.709,10.557],[-85.709,10.557]],[[-85.785,10.537],[-85.784,10.537],[-85.785,10.537],[-85.785,10.537]],[[-85.802,10.522],[-85.802,10.521],[-85.802,10.521],[-85.802,10.522]],[[-85.803,10.521],[-85.803,10.521],[-85.803,10.521],[-85.803,10.521]],[[-85.824,10.509],[-85.819,10.51],[-85.825,10.511],[-85.824,10.509]],[[-85.823,10.506],[-85.823,10.506],[-85.822,10.507],[-85.823,10.506]],[[-85.822,10.504],[-85.821,10.504],[-85.822,10.505],[-85.822,10.504]],[[-85.804,10.502],[-85.802,10.502],[-85.803,10.502],[-85.804,10.502]],[[-85.805,10.498],[-85.804,10.498],[-85.804,10.498],[-85.805,10.498]],[[-85.804,10.498],[-85.804,10.498],[-85.804,10.498],[-85.804,10.498]],[[-85.802,10.496],[-85.803,10.496],[-85.802,10.496],[-85.802,10.496]],[[-85.801,10.485],[-85.799,10.484],[-85.801,10.485],[-85.801,10.485]],[[-85.798,10.478],[-85.798,10.479],[-85.799,10.479],[-85.798,10.478]],[[-85.795,10.478],[-85.796,10.477],[-85.795,10.478],[-85.795,10.478]],[[-85.782,10.465],[-85.782,10.463],[-85.781,10.464],[-85.782,10.465]],[[-85.783,10.464],[-85.784,10.464],[-85.783,10.463],[-85.783,10.464]],[[-85.804,10.446],[-85.801,10.45],[-85.804,10.45],[-85.804,10.446]],[[-85.796,10.421],[-85.797,10.42],[-85.796,10.42],[-85.796,10.421]],[[-85.854,10.299],[-85.853,10.3],[-85.855,10.3],[-85.854,10.299]],[[-85.799,10.129],[-85.799,10.129],[-85.799,10.129],[-85.799,10.129]],[[-85.8,10.128],[-85.8,10.128],[-85.8,10.128],[-85.8,10.128]],[[-85.515,9.86],[-85.514,9.863],[-85.516,9.862],[-85.515,9.86]],[[-84.167,9.38],[-84.167,9.381],[-84.168,9.383],[-84.167,9.38]],[[-84.166,9.38],[-84.166,9.38],[-84.166,9.38],[-84.166,9.38]],[[-84.157,9.373],[-84.155,9.373],[-84.155,9.375],[-84.157,9.373]],[[-84.15,9.371],[-84.149,9.371],[-84.149,9.371],[-84.15,9.371]],[[-84.151,9.371],[-84.152,9.371],[-84.151,9.37],[-84.151,9.371]],[[-84.152,9.37],[-84.152,9.37],[-84.152,9.37],[-84.152,9.37]],[[-84.116,9.367],[-84.115,9.367],[-84.116,9.368],[-84.116,9.367]],[[-83.727,9.105],[-83.725,9.104],[-83.726,9.105],[-83.727,9.105]],[[-83.598,8.848],[-83.592,8.85],[-83.602,8.867],[-83.598,8.848]],[[-83.603,8.862],[-83.603,8.862],[-83.603,8.862],[-83.603,8.862]],[[-83.598,8.851],[-83.597,8.851],[-83.597,8.852],[-83.598,8.851]],[[-83.868,8.717],[-83.893,8.711],[-83.87,8.703],[-83.868,8.717]],[[-83.291,8.374],[-83.29,8.374],[-83.29,8.375],[-83.291,8.374]],[[-82.961,8.217],[-82.961,8.218],[-82.961,8.218],[-82.961,8.217]],[[-83.145,8.601],[-83.146,8.601],[-83.144,8.601],[-83.145,8.601]],[[-83.158,8.579],[-83.157,8.579],[-83.158,8.58],[-83.158,8.579]],[[-83.389,8.727],[-83.39,8.727],[-83.389,8.727],[-83.389,8.727]],[[-83.389,8.729],[-83.389,8.73],[-83.39,8.73],[-83.389,8.729]],[[-84.135,9.382],[-84.134,9.383],[-84.135,9.382],[-84.135,9.382]],[[-84.139,9.378],[-84.14,9.378],[-84.14,9.377],[-84.139,9.378]],[[-85.079,9.592],[-85.079,9.59],[-85.078,9.59],[-85.079,9.592]],[[-85.081,9.597],[-85.081,9.595],[-85.08,9.593],[-85.081,9.597]],[[-84.675,9.626],[-84.665,9.631],[-84.674,9.63],[-84.675,9.626]],[[-84.678,9.649],[-84.678,9.65],[-84.678,9.649],[-84.678,9.649]],[[-84.676,9.649],[-84.675,9.65],[-84.676,9.65],[-84.676,9.649]],[[-84.68,9.651],[-84.68,9.651],[-84.68,9.651],[-84.68,9.651]],[[-84.68,9.652],[-84.68,9.652],[-84.681,9.652],[-84.68,9.652]],[[-84.679,9.658],[-84.679,9.658],[-84.679,9.658],[-84.679,9.658]],[[-84.891,9.767],[-84.887,9.773],[-84.901,9.773],[-84.891,9.767]],[[-84.903,9.774],[-84.898,9.777],[-84.899,9.785],[-84.903,9.774]],[[-84.906,9.778],[-84.906,9.779],[-84.906,9.778],[-84.906,9.778]],[[-84.891,9.783],[-84.89,9.782],[-84.89,9.783],[-84.891,9.783]],[[-84.889,9.781],[-84.889,9.782],[-84.891,9.782],[-84.889,9.781]],[[-84.86,9.818],[-84.848,9.822],[-84.859,9.824],[-84.86,9.818]],[[-84.828,9.821],[-84.825,9.823],[-84.842,9.826],[-84.828,9.821]],[[-84.848,9.821],[-84.848,9.821],[-84.848,9.821],[-84.848,9.821]],[[-84.895,9.834],[-84.894,9.835],[-84.895,9.834],[-84.895,9.834]],[[-84.888,9.837],[-84.868,9.852],[-84.882,9.85],[-84.888,9.837]],[[-84.891,9.841],[-84.889,9.845],[-84.896,9.841],[-84.891,9.841]],[[-84.916,9.848],[-84.917,9.847],[-84.916,9.847],[-84.916,9.848]],[[-84.866,9.85],[-84.865,9.851],[-84.865,9.851],[-84.866,9.85]],[[-84.864,9.849],[-84.861,9.848],[-84.862,9.849],[-84.864,9.849]],[[-84.86,9.847],[-84.859,9.847],[-84.86,9.847],[-84.86,9.847]],[[-84.864,9.844],[-84.864,9.844],[-84.865,9.845],[-84.864,9.844]],[[-84.873,9.843],[-84.872,9.843],[-84.873,9.844],[-84.873,9.843]],[[-84.912,9.869],[-84.912,9.869],[-84.913,9.869],[-84.912,9.869]],[[-84.91,9.869],[-84.909,9.869],[-84.909,9.87],[-84.91,9.869]],[[-84.907,9.872],[-84.908,9.872],[-84.908,9.871],[-84.907,9.872]],[[-84.918,9.882],[-84.921,9.883],[-84.92,9.882],[-84.918,9.882]],[[-84.923,9.884],[-84.922,9.889],[-84.928,9.891],[-84.923,9.884]],[[-84.918,9.885],[-84.918,9.885],[-84.918,9.886],[-84.918,9.885]],[[-84.92,9.885],[-84.92,9.885],[-84.919,9.885],[-84.92,9.885]],[[-84.879,9.913],[-84.881,9.911],[-84.878,9.911],[-84.879,9.913]],[[-84.902,9.926],[-84.902,9.924],[-84.899,9.923],[-84.902,9.926]],[[-84.913,9.928],[-84.913,9.927],[-84.913,9.927],[-84.913,9.928]],[[-84.922,9.928],[-84.923,9.928],[-84.923,9.928],[-84.922,9.928]],[[-84.904,9.932],[-84.892,9.937],[-84.901,9.954],[-84.921,9.944],[-84.904,9.932]],[[-84.923,9.934],[-84.924,9.934],[-84.923,9.934],[-84.923,9.934]],[[-85.025,9.96],[-85.024,9.961],[-85.026,9.961],[-85.025,9.96]],[[-85.061,9.976],[-85.061,9.975],[-85.06,9.975],[-85.061,9.976]],[[-85.062,9.975],[-85.064,9.974],[-85.063,9.974],[-85.062,9.975]],[[-85.061,9.974],[-85.062,9.973],[-85.061,9.974],[-85.061,9.974]],[[-85.068,9.973],[-85.068,9.976],[-85.072,9.977],[-85.068,9.973]],[[-85.08,9.972],[-85.08,9.973],[-85.081,9.973],[-85.08,9.972]],[[-85.076,9.977],[-85.077,9.976],[-85.074,9.975],[-85.076,9.977]],[[-85.073,9.978],[-85.071,9.979],[-85.073,9.98],[-85.073,9.978]],[[-85.068,9.98],[-85.068,9.979],[-85.068,9.98],[-85.068,9.98]],[[-85.072,9.981],[-85.07,9.98],[-85.071,9.981],[-85.072,9.981]],[[-85.074,9.981],[-85.074,9.982],[-85.075,9.981],[-85.074,9.981]],[[-85.07,9.982],[-85.042,9.982],[-85.071,9.995],[-85.084,9.989],[-85.07,9.982]],[[-85.075,9.985],[-85.074,9.985],[-85.075,9.985],[-85.075,9.985]],[[-84.959,9.981],[-85,9.995],[-84.986,9.984],[-84.959,9.981]],[[-85.062,9.979],[-85.062,9.979],[-85.062,9.979],[-85.062,9.979]],[[-85.063,9.979],[-85.064,9.98],[-85.064,9.979],[-85.063,9.979]],[[-85.066,9.98],[-85.066,9.979],[-85.066,9.979],[-85.066,9.98]],[[-85.021,9.997],[-85.019,10],[-85.05,10.006],[-85.021,9.997]],[[-84.975,10.067],[-84.975,10.068],[-84.976,10.067],[-84.975,10.067]],[[-84.978,10.07],[-84.979,10.069],[-84.978,10.069],[-84.978,10.07]],[[-85.159,10.112],[-85.104,10.107],[-85.162,10.126],[-85.195,10.121],[-85.183,10.084],[-85.158,10.074],[-85.093,10.096],[-85.119,10.091],[-85.159,10.112]],[[-84.997,10.093],[-84.996,10.095],[-84.997,10.094],[-84.997,10.093]],[[-85.134,10.138],[-85.135,10.136],[-85.134,10.136],[-85.134,10.138]],[[-85.237,10.206],[-85.238,10.205],[-85.236,10.202],[-85.237,10.206]],[[-85.08,9.972],[-85.081,9.971],[-85.08,9.969],[-85.08,9.972]],[[-85.08,9.969],[-85.081,9.97],[-85.081,9.968],[-85.08,9.969]],[[-85.072,9.971],[-85.072,9.971],[-85.072,9.971],[-85.072,9.971]],[[-85.069,9.969],[-85.068,9.969],[-85.069,9.969],[-85.069,9.969]],[[-85.068,9.969],[-85.068,9.969],[-85.067,9.969],[-85.068,9.969]],[[-84.999,9.941],[-84.998,9.941],[-84.999,9.941],[-84.999,9.941]],[[-84.913,9.853],[-84.913,9.854],[-84.913,9.853],[-84.913,9.853]],[[-85.787,10.44],[-85.787,10.439],[-85.787,10.439],[-85.787,10.44]],[[-85.813,10.945],[-85.815,10.942],[-85.813,10.944],[-85.813,10.945]],[[-85.799,10.939],[-85.798,10.939],[-85.799,10.939],[-85.799,10.939]],[[-85.79,10.939],[-85.79,10.939],[-85.79,10.939],[-85.79,10.939]],[[-85.798,10.939],[-85.799,10.937],[-85.797,10.937],[-85.798,10.939]],[[-85.697,11.035],[-85.697,11.034],[-85.697,11.035],[-85.697,11.035]],[[-85.698,11.035],[-85.699,11.035],[-85.698,11.035],[-85.698,11.035]],[[-85.697,11.032],[-85.696,11.033],[-85.697,11.033],[-85.697,11.032]],[[-85.71,11.031],[-85.71,11.031],[-85.709,11.031],[-85.71,11.031]]]}},{"type":"Feature","properties":{"source":"MarViva-Jurisdiccional","kind":"territorial-sea-12nm"},"geometry":{"type":"Polygon","coordinates":[[[-87.045,5.764],[-86.955,5.742],[-86.879,5.681],[-86.837,5.598],[-86.829,5.508],[-86.856,5.428],[-86.911,5.364],[-87.007,5.309],[-87.097,5.299],[-87.19,5.328],[-87.252,5.376],[-87.293,5.447],[-87.301,5.533],[-87.278,5.607],[-87.215,5.697],[-87.119,5.75],[-87.045,5.764]],[[-87.048,5.559],[-87.046,5.563],[-87.048,5.563],[-87.048,5.559]],[[-87.048,5.557],[-87.091,5.531],[-87.079,5.501],[-87.03,5.527],[-87.048,5.557]],[[-87.033,5.55],[-87.032,5.55],[-87.032,5.551],[-87.033,5.55]],[[-87.03,5.541],[-87.029,5.541],[-87.029,5.542],[-87.03,5.541]],[[-87.036,5.522],[-87.035,5.521],[-87.036,5.522],[-87.036,5.522]],[[-87.055,5.509],[-87.054,5.509],[-87.054,5.509],[-87.055,5.509]],[[-87.057,5.506],[-87.057,5.506],[-87.056,5.506],[-87.057,5.506]],[[-87.069,5.504],[-87.068,5.504],[-87.069,5.505],[-87.069,5.504]],[[-87.085,5.507],[-87.085,5.507],[-87.085,5.506],[-87.085,5.507]],[[-87.085,5.507],[-87.085,5.508],[-87.086,5.507],[-87.085,5.507]],[[-87.101,5.509],[-87.102,5.509],[-87.102,5.509],[-87.101,5.509]],[[-87.1,5.513],[-87.1,5.513],[-87.101,5.513],[-87.1,5.513]],[[-87.054,5.555],[-87.054,5.554],[-87.053,5.554],[-87.054,5.555]]]}}]}